student_id,study_hour,attendance_percentage,class_participation,Assignment_Scores,Test_Scores,total_score,grade,Previous_GPA
79,15.6,100.0,6.1,38.0,70.5,91.7,A,4.0
917,19.3,87.4,3.0,41.9,71.5,96.3,A,3.92
1173,15.7,84.6,6.2,35.7,60.9,83.8,B,3.34
1239,19.0,78.4,5.1,42.8,86.8,100.0,A,3.8
1711,22.7,75.3,6.3,45.5,72.9,100.0,A,3.71
1930,28.7,68.5,5.4,49.8,78.4,100.0,A,3.51
2086,6.5,83.8,7.5,24.7,55.0,69.2,C,2.73
2335,21.2,88.7,6.2,44.1,71.9,98.7,A,4.0
2363,4.3,83.7,6.4,21.6,51.3,63.9,C,2.52
3520,0.0,99.2,5.1,13.9,39.7,49.8,D,2.42
3727,18.5,80.3,7.5,41.2,71.8,95.7,A,3.69
3919,21.6,72.3,9.3,44.7,78.8,100.0,A,3.62
4417,16.8,90.2,5.3,41.3,82.5,100.0,A,4.0
4730,15.1,96.2,7.4,36.1,65.3,86.8,A,3.81
4899,19.7,94.0,7.8,43.4,77.7,100.0,A,4.0
5465,1.2,73.5,5.7,17.3,46.9,57.0,C,1.93
5792,0.0,80.6,6.0,9.6,28.7,40.6,D,1.49
6299,12.6,78.1,5.8,35.6,73.7,91.2,A,3.44
7464,6.9,73.0,6.1,24.2,51.1,66.5,C,2.3
8470,11.0,89.0,9.3,33.5,71.6,87.8,A,3.63
8718,16.0,77.0,9.4,40.7,80.8,100.0,A,3.76
8986,26.7,85.3,4.2,48.3,70.9,100.0,A,4.0
9955,16.8,87.8,7.2,37.8,65.0,88.3,A,3.62
10465,13.1,95.2,2.3,38.7,85.5,100.0,A,4.0
10677,22.7,66.6,6.7,45.5,76.8,100.0,A,3.45
12285,14.0,90.6,2.8,33.8,60.4,81.6,B,3.43
12316,20.3,91.5,7.5,43.1,72.1,97.9,A,4.0
12974,16.6,72.8,6.2,41.2,82.5,100.0,A,3.63
13038,10.6,73.9,8.0,35.8,82.5,96.5,A,3.53
13374,15.5,66.3,7.2,40.3,82.4,100.0,A,3.44
13997,17.9,90.7,4.3,42.1,81.6,100.0,A,4.0
14063,8.9,82.6,5.9,23.1,38.8,58.3,C,2.26
14227,27.6,89.0,5.6,49.0,79.6,100.0,A,4.0
14931,32.1,66.3,7.6,52.2,67.0,100.0,A,3.44
15921,15.9,88.3,6.4,34.3,54.5,78.7,B,3.25
16081,13.5,77.2,8.1,33.2,60.3,81.0,B,3.01
16248,9.2,82.2,5.2,27.7,56.1,73.0,B,2.84
16488,14.3,100.0,7.3,35.0,63.8,84.8,B,3.84
17238,18.7,85.9,7.4,37.5,56.1,82.9,B,3.34
17647,16.4,87.5,3.9,41.0,84.4,100.0,A,4.0
18043,5.8,92.9,5.5,15.5,21.1,40.2,D,1.85
18093,11.6,96.6,7.0,28.3,48.4,69.1,C,3.11
18374,2.7,84.8,7.4,21.9,59.3,68.9,C,2.75
18959,22.9,80.7,6.5,44.9,68.4,97.5,A,3.77
19610,9.1,71.5,4.9,28.8,60.6,76.6,B,2.66
20474,7.6,93.6,5.2,25.9,55.4,70.7,B,3.09
21220,15.9,100.0,4.7,33.4,51.2,75.9,B,3.5
21426,15.6,76.8,8.4,34.1,55.5,79.1,B,2.92
21593,9.0,99.9,7.4,25.6,48.6,66.5,C,3.11
22286,19.2,73.3,4.3,43.0,78.3,100.0,A,3.65
23286,18.2,85.6,6.6,38.7,63.1,88.2,A,3.55
23674,19.5,97.6,4.4,43.2,78.5,100.0,A,4.0
23683,4.6,80.3,6.4,21.7,50.8,63.8,C,2.41
23952,15.7,87.3,9.5,37.1,66.7,88.6,A,3.61
24567,21.8,100.0,5.2,40.8,56.4,86.4,A,4.0
25769,25.2,81.0,10.0,47.3,78.6,100.0,A,3.88
26707,19.1,93.1,7.0,42.9,82.7,100.0,A,4.0
27964,13.9,87.1,5.4,28.4,39.3,63.9,C,2.62
28164,4.5,98.3,5.6,21.6,50.5,63.5,C,2.94
28388,21.7,94.0,6.9,41.5,59.9,89.2,A,3.84
29783,9.8,84.0,5.7,32.9,74.2,88.7,A,3.52
30321,15.1,94.0,5.2,33.5,54.8,78.0,B,3.39
30376,20.2,80.5,9.0,43.7,84.6,100.0,A,3.86
30752,15.7,97.3,5.6,39.1,75.0,95.5,A,4.0
30982,11.6,81.8,5.6,36.3,80.3,95.7,A,3.73
31481,23.5,79.9,5.1,46.0,71.4,100.0,A,3.85
31742,8.4,94.9,8.9,25.9,52.0,68.7,C,3.04
32235,17.1,84.2,5.9,33.4,46.3,73.1,B,2.9
32827,11.5,82.7,3.5,29.7,54.6,74.1,B,2.89
33201,25.3,94.6,5.5,47.3,71.6,100.0,A,4.0
33225,7.1,84.0,7.2,27.7,64.8,78.0,B,3.09
33320,15.9,100.0,4.0,40.3,78.9,98.9,A,4.0
33381,14.0,73.6,4.8,37.8,76.8,95.2,A,3.47
35033,1.5,67.7,9.4,14.7,35.6,47.9,D,1.4
35474,14.9,91.1,5.0,33.8,56.9,79.6,B,3.37
36766,12.1,84.5,8.3,33.3,66.2,84.5,B,3.36
37916,4.3,99.5,4.9,21.5,51.1,63.7,C,2.98
38748,16.6,90.7,5.9,41.2,80.3,100.0,A,4.0
38897,24.8,92.9,5.5,47.0,71.9,100.0,A,4.0
40811,14.9,80.2,5.3,33.6,55.9,78.8,B,3.01
41378,8.2,62.6,4.7,24.6,47.5,64.8,C,1.92
41622,21.5,63.4,6.1,44.2,71.1,98.4,A,3.29
43142,16.8,84.5,3.5,39.0,69.8,92.4,A,3.68
43275,20.3,81.1,7.3,43.8,77.0,100.0,A,3.88
43531,8.6,74.8,8.9,34.3,84.9,96.4,A,3.55
43755,16.4,90.3,6.8,32.3,44.7,71.0,B,3.0
44479,13.0,86.6,7.7,32.4,59.0,79.4,B,3.22
44775,27.2,73.5,5.0,48.7,79.7,100.0,A,3.66
44793,19.2,94.3,10.0,41.0,68.1,93.4,A,4.0
45251,15.3,91.4,8.9,39.2,77.1,96.8,A,4.0
45679,28.4,91.2,8.5,49.5,69.5,100.0,A,4.0
47357,21.0,89.2,4.5,42.6,67.0,94.4,A,3.9
47423,1.1,76.9,8.4,15.1,38.8,50.2,D,1.77
47978,10.1,80.8,6.1,26.1,45.6,65.2,C,2.48
49199,17.7,73.9,5.5,39.7,68.7,92.4,A,3.36
49624,28.7,94.9,5.4,49.8,71.4,100.0,A,4.0
49983,21.3,86.6,5.9,44.5,76.6,100.0,A,4.0
50314,22.1,70.7,4.6,45.1,77.7,100.0,A,3.57
51334,15.5,82.7,2.4,35.5,61.1,83.7,B,3.28
51565,22.6,84.3,8.2,45.4,74.8,100.0,A,3.98
51620,27.8,72.4,9.0,49.2,82.2,100.0,A,3.62
51663,17.1,100.0,9.6,38.6,67.0,90.3,A,4.0
52403,9.9,81.0,7.9,27.3,51.1,69.6,C,2.66
52414,28.0,78.0,0.6,49.3,74.5,100.0,A,3.79
52542,20.7,82.0,10.0,44.0,81.9,100.0,A,3.91
52810,10.5,71.3,7.5,26.2,44.5,64.7,C,2.18
53983,1.2,94.0,8.5,18.1,50.2,59.8,C,2.66
55071,15.8,71.8,4.6,34.5,56.2,79.9,B,2.8
55400,0.9,87.0,5.4,9.2,15.8,30.8,F,1.29
56319,18.6,93.5,8.0,42.6,83.5,100.0,A,4.0
56418,10.9,85.5,5.3,35.5,80.2,94.8,A,3.81
57394,12.5,88.2,4.7,35.2,72.7,90.2,A,3.7
58175,9.8,96.2,5.2,31.3,68.0,83.5,B,3.68
58471,21.1,91.6,8.1,44.3,78.4,100.0,A,4.0
58836,11.6,69.7,2.9,34.5,73.3,89.8,A,3.13
59175,25.3,65.8,4.0,47.3,79.8,100.0,A,3.42
60541,15.8,95.4,2.4,36.6,64.6,86.9,A,3.79
60913,20.1,71.6,3.8,40.6,62.9,90.0,A,3.2
61677,17.3,78.5,6.5,41.3,77.0,98.9,A,3.76
62037,17.4,75.0,3.5,34.1,47.9,74.7,B,2.69
62933,19.5,77.0,7.0,41.0,66.7,92.6,A,3.46
63225,11.8,79.2,5.2,33.5,68.3,85.9,A,3.26
63469,21.0,78.6,6.3,44.0,72.6,99.0,A,3.77
63645,1.5,97.2,4.3,16.4,42.0,53.3,D,2.5
64291,15.5,86.9,6.1,34.4,56.9,80.2,B,3.26
66337,11.2,84.0,5.0,34.8,76.1,91.7,A,3.64
67080,14.7,91.7,8.4,36.3,67.7,88.4,A,3.74
67299,14.4,84.1,5.4,34.9,63.2,84.4,B,3.35
67401,9.9,85.7,3.9,23.8,37.2,58.0,C,2.34
67899,0.0,69.4,7.5,16.8,55.8,63.2,C,2.06
68879,8.5,95.3,6.9,29.0,63.8,78.7,B,3.46
68978,14.5,92.5,4.1,31.4,48.6,72.3,B,3.12
69255,29.0,94.9,4.0,50.0,69.5,100.0,A,4.0
69322,19.5,88.8,7.8,43.2,81.5,100.0,A,4.0
71973,16.6,65.0,4.6,38.8,69.9,92.2,A,3.09
72684,0.0,89.4,9.3,12.9,36.7,47.3,D,2.02
72819,15.8,70.3,3.0,36.4,63.5,86.1,A,3.0
73226,9.1,86.3,3.6,21.6,31.8,52.7,D,2.15
73341,16.0,66.2,7.4,36.4,62.8,85.6,A,2.86
74397,24.9,100.0,6.6,47.1,72.8,100.0,A,4.0
75141,19.9,76.1,7.7,38.2,53.8,82.2,B,3.02
75182,6.0,100.0,5.3,20.9,41.8,57.7,C,2.81
75431,8.6,65.2,6.4,23.1,40.2,59.1,C,1.77
75501,0.0,84.5,5.4,12.8,43.8,53.2,D,2.11
75777,24.0,81.8,6.4,46.4,72.8,100.0,A,3.9
76919,10.0,77.8,6.8,31.3,67.0,82.9,B,3.1
79955,17.1,73.9,5.4,34.7,51.4,77.3,B,2.76
81096,21.5,67.4,6.6,43.9,70.2,97.6,A,3.38
82034,15.3,81.5,4.0,35.5,62.2,84.4,B,3.27
82749,12.1,98.3,3.4,36.7,79.8,95.8,A,4.0
82894,17.7,94.1,4.5,41.9,78.0,100.0,A,4.0
83048,8.0,98.7,9.9,25.0,49.9,66.6,C,3.07
83951,24.8,88.8,8.6,47.0,74.2,100.0,A,4.0
84895,12.9,91.7,5.5,34.3,67.2,86.1,A,3.65
86460,17.4,97.7,4.0,39.0,67.4,91.0,A,4.0
87947,16.7,73.5,9.9,34.1,50.4,76.1,B,2.7
89490,0.4,92.3,6.1,11.7,28.2,40.5,D,1.84
90152,21.8,82.4,6.5,44.8,74.2,100.0,A,3.92
90878,28.1,75.6,8.3,49.3,72.2,100.0,A,3.72
91198,25.7,100.0,8.3,47.6,71.8,100.0,A,4.0
91489,31.6,78.4,5.4,51.8,77.0,100.0,A,3.8
91890,14.8,79.1,4.9,37.1,70.2,90.6,A,3.45
92084,10.2,92.5,6.3,29.0,56.8,74.6,B,3.21
92377,13.0,65.9,8.2,32.5,59.6,79.9,B,2.62
92661,11.9,93.8,5.0,31.5,60.0,79.1,B,3.43
93743,9.7,91.3,8.4,26.9,50.9,69.1,C,2.95
93877,11.9,92.9,3.3,36.7,81.0,96.5,A,4.0
94878,17.4,90.4,2.9,37.3,60.6,85.3,A,3.57
96437,8.0,84.2,5.8,21.0,33.7,53.1,D,2.1
96512,15.8,84.7,6.5,36.8,65.2,87.4,A,3.49
96998,16.5,80.4,6.7,34.9,54.4,79.2,B,3.03
98151,17.1,89.2,5.8,37.2,61.5,85.7,A,3.55
98606,12.8,95.8,5.3,34.3,67.5,86.3,A,3.78
99902,14.5,71.5,5.5,31.6,49.7,73.2,B,2.52
100076,5.2,91.6,6.8,23.8,56.8,69.4,C,2.97
100489,11.2,92.4,4.3,32.8,68.1,85.1,A,3.63
101955,17.2,94.1,9.1,41.5,81.5,100.0,A,4.0
103642,2.3,74.1,9.4,19.8,52.9,63.1,C,2.2
103661,23.8,88.9,4.5,46.3,74.6,100.0,A,4.0
104236,7.3,80.2,5.6,26.8,60.3,74.5,B,2.84
104515,25.6,91.4,6.8,47.6,69.8,100.0,A,4.0
105759,19.9,85.4,6.1,43.5,76.5,100.0,A,4.0
107114,17.7,80.1,5.2,38.5,63.9,88.4,A,3.39
107321,22.2,76.0,5.6,45.2,75.0,100.0,A,3.73
107757,14.6,79.5,4.6,39.7,83.5,100.0,A,3.83
108150,23.1,78.6,6.2,45.8,72.1,100.0,A,3.81
110339,7.4,74.9,2.6,23.1,44.8,61.7,C,2.17
113068,10.7,85.3,7.3,28.1,51.5,70.7,B,2.84
113342,4.2,89.1,5.7,18.2,38.6,53.2,D,2.25
113373,19.1,85.3,10.0,42.9,82.1,100.0,A,4.0
113388,17.5,94.2,4.9,41.4,76.7,98.8,A,4.0
114136,19.0,93.5,5.5,42.6,75.3,99.2,A,4.0
115139,17.0,79.9,2.3,39.1,69.3,92.1,A,3.53
115333,18.2,91.5,5.1,41.5,73.8,97.2,A,4.0
115772,26.0,73.1,6.9,47.9,76.5,100.0,A,3.64
116593,5.0,82.1,4.5,21.5,48.3,62.1,C,2.4
117691,16.0,72.1,9.4,31.9,44.6,70.5,B,2.43
118210,13.5,95.2,6.0,34.8,66.5,86.2,A,3.75
118843,17.2,88.4,6.8,36.5,58.2,83.1,B,3.43
119620,13.0,96.1,6.0,37.8,80.8,97.5,A,4.0
120216,23.0,69.8,5.4,45.7,90.2,100.0,A,3.54
120647,15.5,69.3,8.2,38.8,74.1,94.6,A,3.31
121585,11.5,100.0,3.4,30.9,59.3,78.0,B,3.63
122339,6.9,81.1,2.0,26.8,61.6,75.2,B,2.89
122582,3.5,85.2,5.0,19.7,47.2,59.7,C,2.39
123552,2.7,72.1,2.6,19.1,48.5,59.8,C,2.01
124509,23.5,90.9,9.3,45.9,69.9,99.4,A,4.0
125146,14.5,80.5,7.4,32.9,55.0,77.6,B,2.97
125787,15.2,98.0,5.0,33.6,54.8,78.2,B,3.52
126000,25.9,87.5,5.6,47.8,75.7,100.0,A,4.0
126202,13.3,93.4,6.4,32.0,56.4,77.5,B,3.35
126315,8.4,84.4,4.5,29.8,67.7,81.8,B,3.26
127889,11.1,98.3,7.1,30.1,57.6,76.2,B,3.45
128052,13.2,97.7,5.1,30.2,49.1,71.4,B,3.24
128330,4.7,96.6,6.6,21.8,50.8,63.9,C,2.9
128480,10.8,98.4,6.1,30.2,59.4,77.4,B,3.5
128652,18.1,78.0,6.3,41.9,76.3,99.1,A,3.75
129819,17.3,84.2,8.2,39.6,70.4,93.3,A,3.71
130111,7.1,65.9,8.0,24.6,51.8,67.3,C,2.12
130278,8.6,94.8,5.5,30.1,67.8,82.1,B,3.58
131553,12.6,85.4,7.3,34.0,67.1,85.7,A,3.44
131915,14.3,85.1,10.0,34.6,62.3,83.5,B,3.34
132694,23.2,82.5,9.4,45.8,76.1,100.0,A,3.93
133718,20.9,100.0,5.6,43.6,71.5,98.0,A,4.0
134217,25.2,68.9,5.5,47.3,77.8,100.0,A,3.52
135050,3.8,78.1,2.6,20.7,50.0,62.3,C,2.29
135121,16.6,90.0,6.5,39.0,70.7,92.9,A,3.87
135209,5.3,74.4,7.0,28.6,75.4,85.1,A,3.09
136060,15.7,100.0,4.6,38.3,71.9,92.9,A,4.0
137307,13.8,77.1,6.2,38.7,80.6,98.3,A,3.69
138802,13.0,56.5,5.2,36.1,73.6,91.6,A,2.81
139018,6.2,90.5,6.5,25.9,61.1,74.0,B,3.12
139053,21.5,56.0,8.7,42.5,64.5,92.8,A,2.84
139428,12.8,95.5,0.8,35.3,71.5,89.6,A,3.9
139639,5.5,89.6,4.6,21.5,46.0,60.8,C,2.57
139687,16.3,98.4,6.1,38.3,69.2,91.3,A,4.0
141083,22.4,84.2,7.2,44.8,70.3,98.6,A,3.92
141117,12.2,78.0,9.4,32.5,62.8,81.7,B,3.06
141862,12.4,83.4,10.0,34.6,70.1,88.0,A,3.47
141888,7.2,85.1,4.0,23.7,48.0,64.2,C,2.57
143249,17.3,90.5,7.0,40.7,74.4,96.7,A,4.0
144139,24.1,77.3,7.3,46.5,73.8,100.0,A,3.77
144346,18.0,75.6,3.4,42.1,80.1,100.0,A,3.72
145027,9.3,70.7,9.2,23.2,37.4,57.5,C,1.87
145155,19.0,87.1,9.5,42.8,76.5,100.0,A,4.0
145451,16.2,95.3,5.9,39.5,74.3,95.5,A,4.0
147157,18.6,93.0,3.8,40.5,68.4,93.0,A,3.96
147888,12.9,77.7,8.1,35.3,71.2,89.4,A,3.36
147965,10.3,92.1,5.1,22.2,29.4,51.9,D,2.29
148418,15.1,93.2,6.2,32.5,50.7,74.7,B,3.23
148485,13.7,93.8,6.9,39.1,84.4,100.0,A,4.0
150099,10.0,85.0,7.1,31.7,68.8,84.4,B,3.38
150875,11.0,89.0,1.9,26.4,43.2,64.1,C,2.69
151112,10.2,85.5,4.6,27.4,50.8,69.6,C,2.8
151612,9.1,91.4,1.1,31.3,70.6,85.0,B,3.59
153888,8.2,99.9,5.7,24.1,45.6,63.2,C,2.98
154009,20.3,70.8,5.7,41.8,66.7,93.4,A,3.31
154415,15.8,67.9,8.5,35.3,58.9,82.2,B,2.77
154450,10.4,89.6,3.1,28.4,53.9,72.4,B,3.03
155553,4.9,100.0,7.0,19.6,41.3,56.2,C,2.82
155734,14.1,83.5,3.2,35.0,64.9,85.5,A,3.38
156709,19.1,83.4,6.6,42.9,80.6,100.0,A,3.95
158684,17.3,88.1,6.8,35.8,55.1,80.6,B,3.32
158978,12.7,80.1,4.2,36.0,74.8,92.2,A,3.54
158993,14.0,100.0,7.1,33.8,60.9,81.9,B,4.0
159356,22.6,82.1,4.4,45.4,86.0,100.0,A,3.91
159460,26.2,82.2,4.6,48.0,76.5,100.0,A,3.92
160614,7.7,94.4,4.6,24.9,50.9,67.1,C,2.97
160878,23.2,80.4,3.7,45.9,78.7,100.0,A,3.86
164672,16.4,91.9,10.0,39.1,71.8,93.6,A,3.95
165480,27.5,63.9,4.5,48.9,74.3,100.0,A,3.37
166474,16.1,100.0,3.8,36.5,62.5,85.6,A,3.89
166605,15.3,92.2,5.6,38.1,72.2,92.8,A,3.93
166878,18.3,97.8,4.0,42.1,75.7,98.9,A,4.0
167185,21.1,81.8,4.2,44.4,77.2,100.0,A,3.9
167490,16.5,78.6,7.1,36.0,59.0,83.1,B,3.13
168064,15.9,78.4,7.5,34.0,53.3,77.7,B,2.91
168985,1.8,92.1,4.0,14.4,32.9,46.0,D,2.05
169123,11.6,88.2,7.3,26.5,41.5,63.3,C,2.63
169480,20.7,91.3,7.4,44.0,78.8,100.0,A,4.0
169483,18.4,84.9,5.1,38.1,59.7,85.6,A,3.42
171563,10.3,94.1,8.2,26.6,47.0,66.6,C,2.94
171974,14.1,81.1,10.0,36.1,69.3,89.1,A,3.45
172272,15.5,71.9,5.3,34.6,57.4,80.7,B,2.83
173033,4.2,100.0,7.2,26.2,70.4,79.7,B,3.84
173512,21.2,90.0,7.9,44.4,77.8,100.0,A,4.0
173516,18.1,90.9,4.1,41.3,73.7,97.0,A,4.0
173547,8.6,100.0,8.7,24.2,44.4,62.6,C,3.01
177138,15.0,69.3,9.8,37.0,69.4,90.1,A,3.13
178035,13.9,100.0,6.2,33.7,60.6,81.6,B,3.81
178229,12.7,82.2,7.4,36.5,76.7,93.8,A,3.67
178393,13.4,79.5,6.4,29.4,45.4,68.5,C,2.58
179130,19.8,91.4,9.8,40.5,63.6,90.3,A,3.8
179437,22.6,92.1,3.8,43.4,63.6,93.2,A,3.94
180242,17.8,89.6,8.9,42.0,83.5,100.0,A,4.0
180680,9.5,82.7,5.8,31.4,69.3,84.3,B,3.3
181147,16.0,70.1,6.3,37.0,65.0,87.5,A,3.05
181649,8.9,83.5,6.2,25.1,46.6,64.8,C,2.55
182323,20.7,85.2,3.9,42.9,69.4,96.1,A,3.85
182396,8.4,83.6,8.2,26.9,55.7,71.9,B,2.83
182432,23.6,77.3,0.0,46.2,76.6,100.0,A,3.77
183066,6.4,98.6,6.9,23.4,50.3,65.2,C,3.01
183328,27.1,67.9,4.9,48.6,72.1,100.0,A,3.49
183514,22.3,89.3,5.1,45.2,75.6,100.0,A,4.0
183569,20.4,81.1,8.5,41.9,66.7,93.5,A,3.62
184041,15.5,81.1,7.7,32.8,50.5,74.8,B,2.88
184781,22.0,86.4,6.7,45.0,74.4,100.0,A,4.0
185382,12.8,88.0,5.5,35.9,74.0,91.7,A,3.76
185425,17.5,90.8,7.0,36.6,57.4,82.7,B,3.48
185499,6.6,88.9,4.4,26.8,63.1,76.1,B,3.16
185914,14.8,62.8,4.2,37.9,73.9,93.6,A,3.08
186090,9.4,90.1,5.2,27.7,55.2,72.4,B,3.05
186263,12.9,91.2,4.3,35.1,70.0,88.5,A,3.73
188935,28.7,94.1,3.8,49.8,72.6,100.0,A,4.0
189054,3.5,74.2,6.2,20.9,52.2,63.8,C,2.23
189081,28.5,90.8,3.6,49.6,73.6,100.0,A,4.0
190246,7.9,91.0,8.2,27.1,58.8,73.9,B,3.13
190667,5.5,100.0,3.8,20.6,42.8,58.0,C,2.8
191116,0.2,84.6,10.0,16.7,48.9,57.6,C,2.29
192367,21.8,84.8,5.4,44.9,75.2,100.0,A,3.99
194048,17.8,86.2,6.6,40.3,71.0,94.4,A,3.81
194277,22.3,83.6,5.1,45.2,74.1,100.0,A,3.96
194703,17.0,83.1,7.7,41.4,79.9,100.0,A,3.94
196808,18.5,86.3,6.2,39.6,65.3,90.3,A,3.65
196830,8.5,71.1,6.0,26.4,53.5,70.1,B,2.39
197397,22.8,67.8,3.4,45.5,72.2,100.0,A,3.48
198395,20.5,75.7,6.6,43.4,72.4,98.4,A,3.66
198494,22.5,83.3,4.6,45.4,79.5,100.0,A,3.95
198506,14.1,95.7,7.8,33.3,58.4,80.0,B,3.52
199528,14.6,65.8,4.4,38.4,76.7,95.8,A,3.26
199857,9.7,96.7,0.9,29.5,60.9,77.6,B,3.45
200079,18.4,77.4,8.0,39.9,66.7,91.5,A,3.43
200615,11.7,68.7,8.0,34.6,73.3,89.9,A,3.11
201004,18.1,96.2,0.0,37.5,58.2,84.1,B,3.7
201232,13.7,100.0,7.9,34.5,64.6,84.8,B,4.0
202052,12.7,78.9,7.2,34.1,66.8,85.6,A,3.24
202064,18.1,76.0,6.3,42.2,79.7,100.0,A,3.73
203287,24.1,100.0,4.7,46.5,87.7,100.0,A,4.0
203547,15.0,83.3,5.5,35.5,63.3,85.0,A,3.35
204140,9.9,87.2,6.8,29.6,60.4,77.3,B,3.16
204281,11.0,81.3,7.3,30.4,59.2,77.5,B,2.99
207069,18.8,100.0,4.3,42.7,79.0,100.0,A,4.0
208868,28.8,76.4,5.0,49.9,67.8,100.0,A,3.74
212179,13.2,92.4,1.1,34.3,66.1,85.5,A,3.64
212251,6.1,77.1,6.1,19.1,34.0,51.4,D,1.82
212424,12.9,88.1,6.9,31.2,54.8,75.8,B,3.13
212673,12.2,77.6,6.1,31.9,60.6,79.8,B,2.97
213328,5.5,86.2,5.7,23.3,53.3,66.8,C,2.71
214218,13.0,93.3,5.7,38.2,82.0,98.6,A,4.0
214628,21.4,98.0,6.2,44.6,81.0,100.0,A,4.0
215340,20.5,88.5,4.3,43.9,81.6,100.0,A,4.0
215538,17.3,94.5,2.5,31.2,36.7,65.2,C,2.89
217161,21.1,85.4,6.0,44.4,79.3,100.0,A,4.0
219340,23.7,69.5,6.2,46.2,79.0,100.0,A,3.53
219805,15.4,73.1,8.1,34.6,58.0,81.1,B,2.89
221877,4.8,82.6,4.4,23.9,58.7,70.6,B,2.75
224871,10.2,62.3,5.7,29.1,57.4,75.1,B,2.32
224929,24.6,93.2,8.9,46.8,72.2,100.0,A,4.0
227214,0.0,93.2,3.9,10.0,26.8,39.0,F,1.81
227345,18.8,84.2,6.2,40.6,67.9,92.9,A,3.69
227502,17.5,72.5,6.9,41.8,78.7,100.0,A,3.63
228281,18.4,85.1,5.1,38.3,60.6,86.3,A,3.45
228565,22.4,79.8,7.3,45.3,75.2,100.0,A,3.84
231026,19.6,96.9,5.7,38.8,57.7,85.1,A,3.76
233568,15.1,79.3,3.2,39.0,76.7,96.3,A,3.68
234037,21.6,86.7,5.7,44.7,79.5,100.0,A,4.0
234366,12.6,90.4,7.9,31.5,57.3,77.5,B,3.26
234685,22.9,100.0,5.5,45.6,72.4,100.0,A,4.0
235821,13.4,81.0,5.6,33.3,61.0,81.4,B,3.14
235880,23.7,91.9,8.6,46.2,78.4,100.0,A,4.0
236212,13.0,84.9,6.1,24.8,28.8,54.2,D,2.17
236214,20.0,92.0,8.5,42.0,68.6,94.7,A,4.0
237435,15.8,94.9,2.9,40.4,79.4,99.3,A,4.0
237445,21.0,68.2,6.9,44.3,78.9,100.0,A,3.49
238463,17.1,79.9,5.8,36.1,56.9,81.9,B,3.12
240652,15.1,81.9,5.7,31.6,47.1,71.7,B,2.77
240974,9.2,74.6,3.7,27.9,56.8,73.5,B,2.63
241722,17.4,87.5,6.3,41.7,78.8,100.0,A,4.0
242023,15.3,85.3,4.0,34.1,56.5,79.7,B,3.2
244300,4.1,59.2,7.4,19.2,42.6,56.5,C,1.49
244519,22.5,98.4,10.0,45.4,77.5,100.0,A,4.0
244782,4.4,91.3,2.9,15.9,28.5,45.0,D,1.99
245762,0.8,82.2,7.2,11.0,23.5,37.1,F,1.4
245875,10.4,71.4,8.7,24.5,38.3,59.4,C,1.97
246896,13.4,100.0,7.8,31.0,51.6,73.7,B,3.47
249055,13.3,93.8,6.9,32.1,56.3,77.5,B,3.36
249923,21.9,64.9,4.8,44.9,76.5,100.0,A,3.4
250210,17.4,92.3,9.5,41.7,79.0,100.0,A,4.0
250557,14.1,96.0,8.5,34.0,60.6,81.9,B,3.61
251186,15.5,83.4,6.1,37.7,70.1,91.2,A,3.6
252027,22.4,86.1,7.2,45.3,79.0,100.0,A,4.0
253944,22.1,80.4,6.4,45.0,76.8,100.0,A,3.86
254293,8.4,89.7,5.3,27.5,58.5,74.1,B,3.11
255217,15.4,73.5,5.2,35.3,60.6,83.2,B,2.98
256148,6.2,94.8,6.9,24.3,54.3,68.4,C,3.03
256730,9.9,81.8,6.5,30.3,63.4,79.8,B,3.09
257040,20.0,94.2,6.2,41.1,65.0,91.7,A,3.94
257327,8.6,89.4,7.4,23.9,43.0,61.5,C,2.59
257404,11.5,98.7,10.0,35.8,78.8,94.3,A,4.0
257529,24.7,82.0,9.6,46.9,72.7,100.0,A,3.91
259150,17.9,83.9,8.0,42.0,79.8,100.0,A,3.97
259313,10.4,72.8,5.6,29.8,59.5,77.0,B,2.71
259362,13.8,81.9,4.6,38.8,81.5,98.9,A,3.86
260513,20.5,68.3,4.5,43.9,80.9,100.0,A,3.5
261122,27.4,77.0,3.1,48.9,75.9,100.0,A,3.76
262607,20.5,85.3,7.7,40.9,62.4,90.0,A,3.61
263826,22.2,100.0,1.8,45.2,79.4,100.0,A,4.0
264836,4.2,100.0,6.5,20.2,46.7,59.9,C,2.93
265614,24.5,100.0,5.7,46.8,74.9,100.0,A,4.0
265705,19.2,75.5,5.0,35.5,46.0,75.0,B,2.71
265974,15.2,88.6,5.6,31.9,47.9,72.4,B,3.0
266744,22.9,86.4,1.8,45.6,71.4,100.0,A,4.0
268241,14.0,74.2,6.8,37.2,74.1,93.0,A,3.4
269906,18.5,82.7,0.2,42.5,79.9,100.0,A,3.93
272356,22.4,82.0,6.5,45.3,76.2,100.0,A,3.91
272962,15.3,86.7,9.0,37.4,69.4,90.5,A,3.67
272967,16.6,62.5,6.6,41.2,82.0,100.0,A,3.33
273193,12.3,79.4,7.6,32.3,61.5,80.7,B,3.06
273908,9.1,82.8,3.1,31.4,71.2,85.5,A,3.35
274386,11.4,71.6,8.0,32.0,63.8,81.7,B,2.87
274637,4.5,74.3,6.3,19.8,43.5,57.6,C,1.98
274844,7.8,100.0,4.2,22.4,40.7,58.7,C,3.26
275406,25.8,89.7,7.0,47.7,75.2,100.0,A,4.0
275735,23.9,97.1,4.9,46.3,80.8,100.0,A,4.0
277801,18.9,72.2,10.0,39.9,64.7,90.3,A,3.23
277866,12.1,58.7,4.6,29.6,51.6,72.3,B,2.1
278738,25.0,82.9,4.0,47.1,82.2,100.0,A,3.94
279995,16.1,91.7,7.4,36.9,64.3,87.0,A,3.68
280532,23.8,84.6,4.2,46.3,73.8,100.0,A,3.99
281282,25.0,72.9,3.5,47.2,78.7,100.0,A,3.64
282686,26.8,79.1,9.1,48.4,74.3,100.0,A,3.82
283768,17.1,100.0,6.8,37.1,60.8,85.2,A,4.0
284000,14.1,62.3,8.4,33.9,60.6,81.8,B,2.59
284415,7.3,85.6,1.6,29.1,69.2,81.9,B,3.29
284870,12.5,88.2,6.1,35.3,72.6,90.2,A,3.71
284922,16.2,79.5,5.8,39.7,74.9,96.0,A,3.68
285417,22.1,72.4,2.8,43.0,64.4,93.3,A,3.35
285676,15.9,68.7,7.8,38.5,71.9,93.1,A,3.23
287152,19.0,93.9,6.2,40.9,68.1,93.3,A,4.0
287575,18.7,71.0,7.2,38.6,60.6,86.6,A,3.05
288017,3.3,92.5,6.4,16.3,34.5,48.9,D,2.18
288636,8.6,87.3,5.7,28.1,59.9,75.5,B,3.09
291618,15.3,63.7,8.2,40.1,80.6,99.7,A,3.35
292259,24.9,80.9,7.8,47.0,79.6,100.0,A,3.88
292464,23.5,67.3,6.4,46.1,76.3,100.0,A,3.47
293541,29.8,100.0,1.5,50.6,75.6,100.0,A,4.0
294290,14.1,79.9,4.8,37.7,75.7,94.5,A,3.63
295615,15.4,70.6,10.0,37.2,68.6,89.8,A,3.16
296095,8.4,90.4,7.0,25.1,49.0,66.2,C,2.81
296517,10.4,100.0,5.4,25.2,40.9,61.6,C,3.49
297713,12.7,87.6,3.3,29.1,47.2,69.2,C,2.85
297851,25.4,83.3,9.8,47.4,73.4,100.0,A,3.95
298013,14.4,80.8,4.2,34.8,62.8,84.0,B,3.23
298300,10.9,61.3,6.5,29.9,57.8,76.2,B,2.34
300349,18.1,92.2,7.0,37.3,57.7,83.6,B,3.56
300698,24.8,79.6,9.0,47.0,71.2,100.0,A,3.84
300933,20.4,82.2,4.7,43.2,71.7,97.7,A,3.82
301048,9.8,76.3,6.3,28.3,55.5,73.2,B,2.67
302244,12.1,85.8,5.4,33.6,67.3,85.4,A,3.44
302267,12.6,78.9,8.2,31.8,58.3,78.4,B,2.95
303098,2.5,94.5,7.1,21.1,57.0,66.8,C,2.96
304683,12.8,84.3,8.7,30.3,51.3,72.8,B,2.89
305341,5.9,85.2,6.0,20.8,41.9,57.7,C,2.31
306874,19.0,81.6,6.0,42.2,73.7,97.9,A,3.81
307799,22.1,84.6,5.3,45.1,72.5,100.0,A,3.99
307956,10.0,59.6,4.7,26.8,48.8,67.8,C,1.95
309024,24.8,86.7,6.7,47.0,83.6,100.0,A,4.0
310043,14.0,91.3,6.7,34.1,61.6,82.6,B,3.49
310623,25.5,85.8,5.9,47.5,84.9,100.0,A,4.0
310671,0.0,86.2,8.1,14.0,44.3,53.6,D,2.18
310805,16.7,86.0,9.2,39.4,71.8,93.9,A,3.79
311168,24.3,86.9,4.3,46.7,78.3,100.0,A,4.0
311454,10.9,85.9,6.1,23.0,30.2,53.2,D,2.15
311893,26.7,90.7,9.5,48.4,73.9,100.0,A,4.0
312460,12.0,88.8,4.8,33.1,66.0,84.1,B,3.48
313600,17.1,100.0,8.3,41.5,81.4,100.0,A,4.0
313680,21.2,95.6,5.2,43.6,70.1,97.2,A,4.0
314675,7.3,79.2,7.0,22.6,43.1,60.2,C,2.23
318065,16.6,81.0,7.7,35.6,56.9,81.4,B,3.14
318893,21.3,95.1,6.4,42.5,65.2,93.2,A,4.0
318942,22.7,69.7,3.9,45.5,76.5,100.0,A,3.54
319645,24.2,78.7,5.1,46.6,75.3,100.0,A,3.81
321777,12.8,93.3,7.8,30.2,51.3,72.7,B,3.16
321779,6.5,84.7,7.6,20.3,37.5,54.7,D,2.18
321780,17.3,83.0,4.8,34.6,50.4,76.7,B,3.01
321942,18.2,80.8,6.8,42.3,78.9,100.0,A,3.87
323915,18.5,69.6,4.8,35.0,47.0,75.1,B,2.54
324044,16.4,84.3,4.8,38.8,70.9,92.8,A,3.69
324915,15.5,99.8,5.8,37.9,71.0,92.0,A,4.0
325389,4.8,68.7,5.0,22.1,51.7,64.7,C,2.1
326076,11.2,98.9,5.2,32.2,65.5,83.0,B,3.74
326440,18.1,80.0,6.0,39.2,65.2,89.9,A,3.45
327738,22.1,74.8,7.6,45.1,73.2,100.0,A,3.69
328118,34.3,85.9,5.7,53.8,78.1,100.0,A,4.0
328314,15.6,76.9,5.1,40.4,84.7,100.0,A,3.76
328601,20.3,85.3,6.5,42.7,70.0,96.2,A,3.86
328674,0.2,91.9,4.7,16.4,47.8,56.7,C,2.48
328850,2.4,100.0,7.4,14.8,32.0,45.9,D,2.31
329039,12.8,81.8,4.4,34.5,68.3,86.9,A,3.38
329182,22.6,85.3,3.1,45.4,76.6,100.0,A,4.0
330236,17.5,89.3,4.5,41.8,83.4,100.0,A,4.0
330302,19.4,72.3,6.0,39.3,60.1,87.0,A,3.1
330567,7.1,82.0,8.2,21.7,40.6,57.9,C,2.23
330652,20.6,85.4,5.2,41.1,62.7,90.4,A,3.63
330757,12.9,96.1,8.7,29.7,48.8,70.7,B,3.16
330798,8.1,100.0,5.2,20.5,31.9,51.7,D,2.57
331228,14.8,85.4,5.8,37.8,73.3,93.2,A,3.74
332271,14.4,90.1,7.4,34.6,62.3,83.5,B,3.49
332469,4.7,78.8,5.9,23.6,58.0,69.9,C,2.61
333081,17.7,86.7,6.0,39.0,66.4,90.4,A,3.67
333677,13.6,80.8,3.0,34.7,65.8,85.7,A,3.3
334680,8.2,74.9,10.0,23.6,43.5,61.5,C,2.16
334866,15.7,83.7,3.0,38.3,71.3,92.5,A,3.66
335049,12.4,86.2,5.5,36.1,76.4,93.2,A,3.76
336984,10.0,93.8,7.1,32.7,72.6,87.6,A,3.77
337358,13.1,82.2,4.4,28.5,43.2,66.3,C,2.57
337638,15.3,80.2,3.4,31.6,46.5,71.3,B,2.71
337831,17.5,64.7,5.6,40.7,73.7,96.3,A,3.24
338278,13.5,69.4,4.7,35.7,69.9,89.0,A,3.09
338823,7.6,64.2,6.3,26.7,58.7,73.5,B,2.32
339377,18.1,84.2,8.3,42.2,80.2,100.0,A,3.98
339779,17.3,95.4,6.3,41.6,79.4,100.0,A,4.0
340025,6.6,100.0,5.3,25.0,55.6,69.9,C,3.28
340737,19.9,100.0,6.4,39.1,57.5,85.3,A,3.87
340742,9.6,69.6,5.4,29.8,62.7,78.9,B,2.7
340826,19.1,83.6,8.9,42.9,78.6,100.0,A,3.96
343302,18.4,77.2,8.4,40.8,70.4,94.6,A,3.55
344475,10.2,85.7,7.8,25.5,43.0,63.1,C,2.54
345078,12.7,77.5,7.1,33.1,63.3,82.6,B,3.08
345613,20.5,92.1,7.3,43.9,79.0,100.0,A,4.0
345839,16.8,73.1,4.5,41.3,79.7,100.0,A,3.64
346149,15.3,97.4,8.7,38.1,72.5,93.0,A,4.0
347023,28.1,91.6,3.7,49.4,77.2,100.0,A,4.0
347382,16.3,75.3,2.2,36.1,60.3,83.9,B,3.07
348366,10.1,94.3,7.2,29.7,59.8,77.1,B,3.36
348389,18.7,87.7,7.4,42.6,85.1,100.0,A,4.0
348667,20.6,78.6,2.3,44.0,75.0,100.0,A,3.81
349139,18.5,97.9,5.1,42.5,84.5,100.0,A,4.0
349316,8.0,75.2,7.0,26.1,54.2,70.2,B,2.51
350971,18.9,100.0,4.6,42.8,80.2,100.0,A,4.0
351345,14.9,70.6,5.5,35.2,62.4,84.2,B,2.94
351988,10.2,93.3,7.7,30.5,62.9,79.7,B,3.44
352278,5.5,78.7,2.8,21.1,44.5,59.5,C,2.19
352320,35.0,83.5,7.1,54.3,68.6,100.0,A,3.95
352952,10.9,77.9,6.2,34.7,77.2,92.3,A,3.48
353444,21.7,88.5,7.0,44.8,77.0,100.0,A,4.0
353455,24.3,78.8,2.5,46.6,74.1,100.0,A,3.81
353956,8.7,90.8,6.2,24.9,46.7,64.7,C,2.76
354207,22.1,78.6,6.5,44.2,68.8,97.0,A,3.69
354332,12.7,95.4,5.0,29.3,47.7,69.7,C,3.1
354859,13.6,81.0,5.9,35.3,68.3,87.8,A,3.39
355610,11.6,100.0,4.8,30.1,55.3,74.9,B,3.59
356068,21.9,76.9,6.3,40.3,54.3,84.7,B,3.15
357672,18.5,72.2,5.0,42.5,81.0,100.0,A,3.62
358247,39.2,99.6,4.6,57.3,80.3,100.0,A,4.0
358724,15.3,100.0,4.6,37.6,70.5,91.3,A,4.0
358748,29.2,88.9,3.9,50.1,87.7,100.0,A,4.0
358901,9.9,85.1,5.8,36.3,89.9,100.0,A,4.0
359710,12.3,93.8,9.2,28.9,47.7,69.3,C,3.04
360636,20.9,84.0,1.5,40.5,58.7,87.4,A,3.47
361513,14.7,76.1,7.2,34.0,58.3,80.6,B,2.96
362132,16.4,91.5,4.7,39.6,74.1,95.5,A,4.0
363264,7.7,78.5,5.0,24.1,47.7,64.4,C,2.38
365302,3.2,94.5,5.5,15.9,33.3,47.8,D,2.2
366138,19.3,82.7,6.0,41.7,70.4,95.4,A,3.75
367837,7.2,95.1,3.4,26.8,60.5,74.6,B,3.29
370959,23.8,83.9,6.9,46.3,71.5,100.0,A,3.97
371536,11.8,97.2,10.0,31.7,61.4,80.1,B,3.57
371678,11.9,92.1,6.7,30.5,55.8,75.6,B,3.24
373281,28.6,77.4,8.5,49.7,73.8,100.0,A,3.77
373299,18.1,88.2,7.7,37.1,56.9,83.0,B,3.42
373395,13.9,89.7,7.0,34.4,63.2,83.9,B,3.5
376762,24.6,71.3,7.4,46.9,75.6,100.0,A,3.59
377483,27.0,77.8,4.1,48.6,72.8,100.0,A,3.78
378209,26.5,95.8,6.3,48.2,74.6,100.0,A,4.0
378284,17.8,100.0,9.3,41.7,76.7,99.1,A,4.0
379067,1.8,75.6,1.7,15.3,36.6,49.1,D,1.68
379551,26.9,82.5,6.9,48.5,82.3,100.0,A,3.92
379912,7.7,77.3,1.7,25.5,53.3,69.1,C,2.53
381824,19.8,92.7,5.8,43.4,76.7,100.0,A,4.0
384263,11.4,99.6,6.7,33.3,69.1,86.1,A,3.88
384369,15.2,86.1,6.0,37.3,69.6,90.5,A,3.65
385484,5.8,95.7,4.8,28.9,74.5,84.8,B,3.71
386100,11.9,87.4,5.3,26.4,39.8,62.2,C,2.56
386319,1.8,60.3,5.9,15.0,35.5,48.1,D,1.18
386543,14.6,93.8,6.1,34.5,60.9,82.6,B,3.57
386815,14.1,78.5,3.7,37.1,73.4,92.5,A,3.5
387630,23.9,79.8,6.2,46.3,71.9,100.0,A,3.84
387673,8.8,72.2,5.4,23.7,41.5,60.4,C,2.03
387912,12.5,71.8,10.0,35.0,71.7,89.4,A,3.18
388684,7.6,71.1,8.4,28.1,63.9,77.8,B,2.7
389129,16.1,85.7,4.5,35.8,59.8,83.3,B,3.35
389910,13.7,87.6,4.0,37.7,77.4,95.4,A,3.89
390351,22.5,84.1,4.3,45.3,79.4,100.0,A,3.97
390434,27.8,96.0,2.3,49.1,75.2,100.0,A,4.0
391033,7.5,72.0,2.8,23.7,46.5,63.3,C,2.14
392358,23.5,81.2,8.8,46.1,72.0,100.0,A,3.89
393609,21.3,100.0,3.2,44.5,79.0,100.0,A,4.0
394958,6.8,95.1,3.5,22.2,43.9,60.3,C,2.71
394961,10.1,95.7,4.4,28.4,55.0,73.0,B,3.24
395037,0.0,92.1,8.1,13.1,35.3,46.1,D,2.06
395330,21.7,90.0,5.6,44.8,74.5,100.0,A,4.0
395946,0.3,89.6,6.7,13.5,35.8,46.8,D,2.01
395979,11.4,84.4,7.6,33.8,71.3,87.9,A,3.5
396005,24.3,77.9,4.9,46.7,74.8,100.0,A,3.79
396271,13.4,76.2,6.9,34.7,66.3,85.9,A,3.17
396639,19.7,91.3,6.3,43.3,76.1,100.0,A,4.0
398058,27.9,88.6,5.5,49.2,71.9,100.0,A,4.0
398166,13.7,86.1,6.0,36.9,74.2,92.7,A,3.74
399197,19.2,94.1,5.1,43.0,81.9,100.0,A,4.0
399338,14.3,90.1,7.1,31.4,49.9,73.1,B,3.08
399759,17.3,99.4,6.1,40.4,73.4,95.9,A,4.0
400808,13.9,75.2,6.0,33.8,61.1,82.0,B,2.99
401377,23.1,100.0,8.3,44.6,66.4,96.0,A,4.0
401398,14.8,78.8,10.0,34.1,58.8,81.0,B,3.05
403045,31.7,96.3,5.3,52.0,73.1,100.0,A,4.0
403633,15.5,94.9,6.0,33.7,53.7,77.6,B,3.4
403987,9.4,82.5,8.7,29.8,63.6,79.5,B,3.11
405716,19.6,100.0,7.7,40.8,65.5,91.7,A,4.0
405957,9.3,66.9,3.4,30.2,65.6,81.0,B,2.7
407528,26.2,68.6,6.5,48.0,69.6,100.0,A,3.51
407581,12.3,80.3,10.0,37.0,80.2,96.3,A,3.71
407892,15.3,85.9,5.7,38.9,75.5,95.5,A,3.85
407986,13.4,91.0,4.6,34.8,66.9,86.4,A,3.64
408081,15.2,79.7,8.2,34.8,59.5,82.1,B,3.13
409240,23.1,78.8,9.3,45.8,74.6,100.0,A,3.81
411756,17.2,91.3,7.9,37.0,60.1,84.7,B,3.58
413235,9.8,87.8,5.0,30.4,64.1,80.3,B,3.3
413324,4.1,100.0,7.8,18.6,40.7,54.8,D,2.81
413555,18.0,87.2,6.0,36.7,56.1,82.1,B,3.35
414039,9.9,83.5,5.4,25.7,44.7,64.3,C,2.53
416509,5.7,80.1,6.5,20.1,40.0,55.9,C,2.09
416778,12.2,86.9,4.2,31.6,59.1,78.6,B,3.2
417494,19.8,82.1,4.2,39.8,60.7,87.9,A,3.43
419221,21.5,93.3,3.1,44.7,77.3,100.0,A,4.0
421034,20.9,94.9,8.4,43.7,71.8,98.3,A,4.0
422041,12.9,94.7,4.9,30.9,53.5,74.6,B,3.27
422426,22.0,87.6,6.5,45.0,77.2,100.0,A,4.0
422759,10.3,76.5,5.5,30.5,62.9,79.8,B,2.94
423295,17.8,91.1,7.6,39.9,69.5,93.1,A,3.91
423384,12.9,84.6,2.1,31.7,56.4,77.1,B,3.07
423877,22.3,81.4,9.3,45.2,79.4,100.0,A,3.89
424879,18.3,69.2,5.8,40.0,68.0,92.3,A,3.22
425683,13.6,93.3,4.0,39.0,83.8,100.0,A,4.0
426624,8.6,77.6,2.0,25.4,49.4,66.8,C,2.45
426795,16.8,84.4,5.9,39.6,72.5,94.5,A,3.76
427261,11.0,74.3,8.6,30.0,57.7,76.2,B,2.73
427874,20.8,87.6,3.9,44.0,73.7,99.7,A,4.0
428731,18.5,84.9,5.7,39.8,66.3,91.1,A,3.64
430194,4.3,100.0,5.9,22.0,53.3,65.6,C,3.08
431447,16.6,92.9,5.2,36.8,61.6,85.3,A,3.65
431464,0.2,85.3,4.0,13.3,35.1,46.2,D,1.86
432317,1.3,76.5,7.2,18.5,51.4,60.9,C,2.18
432372,11.1,74.8,3.3,30.9,60.9,79.0,B,2.85
434057,10.9,72.4,10.0,30.8,61.4,79.2,B,2.79
435459,5.6,78.1,6.1,23.9,55.4,68.7,C,2.54
437102,30.5,86.8,4.0,51.1,70.4,100.0,A,4.0
437249,18.4,72.4,8.8,41.9,75.1,98.4,A,3.56
437876,13.0,80.5,8.4,31.8,56.9,77.6,B,2.97
438319,4.8,79.7,8.0,17.8,34.5,50.4,D,1.86
439056,15.1,73.5,7.0,35.3,62.4,84.3,B,3.03
439709,13.6,90.0,5.9,35.7,69.8,89.0,A,3.71
441452,16.2,75.8,6.9,39.8,75.3,96.3,A,3.58
441910,22.1,90.2,6.4,45.1,73.7,100.0,A,4.0
442080,24.5,92.6,7.8,46.8,74.2,100.0,A,4.0
443182,17.3,71.7,4.6,37.5,61.7,86.1,A,3.05
443418,14.1,74.1,10.0,33.0,56.8,78.7,B,2.82
443526,6.7,85.0,5.0,26.4,60.8,74.4,B,2.98
444204,9.4,76.4,9.3,33.8,79.6,92.8,A,3.45
444937,18.2,64.0,3.7,37.5,58.2,84.1,B,2.73
446194,16.7,84.0,5.7,39.1,70.5,92.8,A,3.68
447841,17.6,100.0,9.2,40.4,72.1,95.1,A,4.0
448117,10.6,78.8,5.1,27.9,50.9,70.1,B,2.62
449597,22.5,76.3,6.4,45.3,76.2,100.0,A,3.74
449867,16.7,79.5,6.7,36.9,61.9,85.7,A,3.26
450103,14.7,90.1,6.7,33.8,57.5,79.9,B,3.35
450174,14.8,73.6,4.6,36.1,66.7,87.6,A,3.16
450823,14.5,76.3,2.9,39.7,81.9,100.0,A,3.74
451080,7.1,78.3,5.0,23.8,49.2,65.0,C,2.4
452448,18.2,90.1,6.0,42.3,78.7,100.0,A,4.0
453322,6.7,88.6,7.3,25.3,56.9,71.0,B,2.95
454553,21.5,70.3,3.3,44.6,73.6,100.0,A,3.56
455035,20.6,78.8,8.2,44.0,81.7,100.0,A,3.82
455702,7.9,76.1,4.3,26.0,54.2,70.1,B,2.54
456079,18.0,100.0,10.0,39.8,68.0,92.1,A,4.0
456329,21.0,100.0,3.2,43.3,69.8,96.7,A,4.0
456378,4.7,71.1,4.9,19.0,39.7,54.6,D,1.77
456676,23.5,97.9,7.8,46.0,80.1,100.0,A,4.0
456770,15.4,93.4,8.5,39.4,77.2,97.0,A,4.0
456903,12.4,93.9,5.3,27.6,42.1,64.7,C,2.85
457102,10.5,82.9,4.6,23.7,34.7,56.5,C,2.2
458145,13.9,86.7,5.1,35.4,67.5,87.4,A,3.55
458310,8.6,88.2,8.3,29.5,65.6,80.3,B,3.31
458904,11.0,84.1,3.9,33.5,71.9,88.0,A,3.49
460022,10.6,100.0,6.9,26.4,44.9,65.1,C,3.09
460374,19.3,88.1,5.4,41.9,71.1,96.1,A,3.94
460438,17.9,86.0,5.1,35.1,49.7,76.7,B,3.1
461075,16.7,99.5,3.3,39.2,71.4,93.5,A,4.0
461163,18.3,64.7,6.4,38.9,63.3,88.5,A,2.93
461962,3.6,100.0,8.7,20.9,51.4,63.3,C,3.06
462443,26.1,88.1,2.7,47.9,75.2,100.0,A,4.0
462526,1.8,85.2,6.2,15.0,35.6,48.2,D,1.93
463099,13.1,80.3,3.6,33.3,62.2,82.1,B,3.14
463456,11.3,83.8,10.0,32.3,65.5,83.0,B,3.28
463911,10.5,68.7,7.9,28.6,53.8,72.5,B,2.41
464017,14.6,84.4,7.7,39.7,82.4,100.0,A,3.98
464360,23.7,97.2,4.9,45.8,68.6,98.5,A,4.0
466440,14.7,89.0,5.7,36.6,68.9,89.4,A,3.69
467124,7.3,72.2,8.2,24.6,51.0,66.8,C,2.29
467407,19.3,83.1,5.1,40.7,66.1,91.9,A,3.62
467428,21.5,89.5,6.9,42.6,64.9,93.1,A,3.86
468411,6.0,88.8,5.7,21.0,42.3,58.2,C,2.44
469958,15.6,96.9,7.0,33.9,54.2,78.1,B,3.48
470129,17.2,86.9,7.3,41.6,80.6,100.0,A,4.0
470469,23.8,79.1,7.2,46.3,82.6,100.0,A,3.82
470774,17.3,75.1,5.2,40.1,72.1,94.8,A,3.49
472292,7.2,96.0,8.0,23.2,46.1,62.6,C,2.83
472825,29.4,90.3,5.6,50.3,79.4,100.0,A,4.0
473884,0.0,87.3,8.4,10.2,36.7,47.3,D,1.96
474534,10.9,65.3,7.7,31.7,65.0,82.2,B,2.7
474812,17.6,82.3,6.4,36.3,56.1,81.7,B,3.19
475206,14.3,69.4,3.4,37.8,75.5,94.4,A,3.31
476291,10.5,79.4,6.8,31.5,65.8,82.4,B,3.13
476879,10.5,80.8,6.7,27.5,49.7,69.0,C,2.63
477599,17.1,77.5,5.1,38.5,66.3,89.8,A,3.37
479254,6.1,79.5,5.0,19.0,33.7,51.1,D,1.88
480867,3.2,80.4,1.6,12.4,19.0,35.9,F,1.3
480910,16.1,77.3,9.2,35.9,60.6,83.9,B,3.12
480990,19.2,84.6,5.2,43.0,80.9,100.0,A,3.99
481189,16.2,79.6,5.4,35.1,56.4,80.6,B,3.06
481860,19.3,96.6,7.0,41.5,69.6,94.8,A,4.0
482672,20.4,85.3,7.3,43.9,75.8,100.0,A,4.0
483616,25.8,86.4,4.8,47.7,80.6,100.0,A,4.0
484377,6.9,74.2,7.3,25.3,55.9,70.4,B,2.49
485312,12.1,74.9,7.6,27.5,43.2,65.2,C,2.31
487125,26.8,82.6,2.2,48.4,81.7,100.0,A,3.93
487132,16.7,88.8,6.1,38.5,68.2,90.9,A,3.75
487425,20.5,88.9,5.3,44.0,79.6,100.0,A,4.0
488470,13.6,79.5,8.2,36.2,71.6,90.5,A,3.45
488707,22.7,72.1,5.2,45.5,72.7,100.0,A,3.61
488709,16.7,83.6,6.8,35.5,56.2,80.9,B,3.19
489114,11.3,92.3,4.9,29.1,52.7,72.4,B,3.11
489241,13.8,91.8,5.1,36.1,70.6,89.9,A,3.8
489380,20.6,82.3,8.0,44.0,81.3,100.0,A,3.92
489620,16.5,85.6,6.7,36.7,61.6,85.2,A,3.43
490470,15.9,91.3,4.9,34.4,55.0,79.1,B,3.35
490878,12.4,83.3,7.6,32.9,63.8,82.7,B,3.26
491403,7.6,86.3,1.0,20.5,33.5,52.5,D,2.14
493851,11.1,100.0,8.0,29.8,56.4,75.2,B,3.81
494014,25.6,73.9,5.4,47.6,79.8,100.0,A,3.67
494035,0.2,82.2,4.8,15.6,44.4,53.9,D,2.07
494277,14.2,85.2,8.5,32.0,52.2,75.0,B,3.01
496376,9.0,95.2,4.9,22.3,35.0,55.2,C,2.51
497790,21.2,83.0,3.6,44.4,75.9,100.0,A,3.94
499229,12.1,100.0,5.1,36.7,80.2,96.1,A,4.0
499235,13.7,73.1,9.9,35.3,67.8,87.5,A,3.14
500047,10.0,79.3,7.4,33.8,77.0,91.2,A,3.48
500306,9.0,81.6,4.6,24.2,42.8,61.7,C,2.37
500892,15.0,92.7,0.1,35.7,64.2,85.7,A,3.66
501170,8.0,65.2,5.2,27.1,58.3,73.6,B,2.35
501231,16.0,72.8,10.0,35.8,60.6,83.8,B,2.99
503248,12.6,95.0,5.7,27.0,39.0,62.3,C,2.79
503843,13.4,74.3,6.0,34.5,66.1,85.7,A,3.11
504627,14.1,97.7,5.9,37.4,74.5,93.5,A,4.0
505381,14.3,89.1,6.2,36.5,70.0,89.9,A,3.72
505603,7.3,79.6,4.3,23.7,47.8,64.1,C,2.4
505824,9.2,89.1,6.5,29.1,61.3,77.4,B,3.22
506532,12.7,74.7,9.3,33.3,64.0,83.2,B,3.02
507015,21.8,73.1,10.0,44.8,75.1,100.0,A,3.64
507443,6.6,90.3,4.6,25.1,56.1,70.3,B,2.97
507951,0.0,94.3,10.0,14.8,42.9,52.4,D,2.38
508349,22.5,91.5,4.5,44.1,66.8,95.8,A,4.0
508394,18.6,84.2,5.5,42.6,81.2,100.0,A,3.98
508511,17.2,96.0,5.8,39.0,68.3,91.5,A,3.99
508946,4.4,78.2,4.7,20.3,46.0,59.5,C,2.18
509246,21.4,74.2,6.2,44.6,80.7,100.0,A,3.68
510045,21.0,80.2,4.0,44.3,74.2,100.0,A,3.86
510306,14.4,83.3,4.5,37.4,73.2,92.7,A,3.66
510617,26.6,77.3,4.3,48.3,78.3,100.0,A,3.77
510677,16.4,88.1,4.3,38.9,71.1,93.0,A,3.81
510989,24.4,92.7,6.6,45.7,65.4,96.6,A,4.0
511498,15.8,80.4,8.2,38.7,72.9,93.8,A,3.61
512406,6.4,79.7,7.1,28.9,72.0,83.4,B,3.18
512477,22.7,100.0,5.7,45.5,84.7,100.0,A,4.0
513269,16.1,79.2,6.0,37.0,64.8,87.4,A,3.32
514450,9.2,90.2,7.7,33.9,80.7,93.5,A,3.89
514524,19.6,83.3,6.0,42.7,73.4,98.2,A,3.88
514922,14.4,84.8,5.7,34.4,61.1,82.6,B,3.3
514965,19.2,82.8,5.7,39.0,59.9,86.6,A,3.4
515397,20.3,74.5,5.0,43.7,74.3,99.7,A,3.67
516706,13.7,79.8,4.9,32.4,56.3,77.9,B,2.96
517432,19.9,91.2,7.3,42.5,71.4,96.8,A,4.0
518362,10.1,91.6,9.7,30.1,61.7,78.6,B,3.34
518813,17.2,97.4,3.5,32.3,41.4,69.1,C,3.14
519049,11.7,88.4,3.0,32.3,63.9,82.1,B,3.39
519222,17.4,65.4,5.7,41.7,78.6,100.0,A,3.41
519368,12.7,87.7,8.5,29.9,50.3,71.8,B,2.95
520065,15.4,88.2,7.6,36.4,65.6,87.3,A,3.59
520112,13.8,91.0,3.4,32.7,57.1,78.6,B,3.32
520946,21.6,88.8,4.5,44.7,83.3,100.0,A,4.0
521181,9.3,63.9,5.8,31.7,71.6,86.0,A,2.81
522841,5.9,92.4,4.3,27.7,69.4,80.7,B,3.45
523263,16.7,70.7,9.0,36.4,60.1,84.1,B,2.94
525061,7.2,100.0,6.2,26.5,59.2,73.5,B,3.73
525751,18.3,86.4,4.9,42.1,76.4,99.4,A,4.0
526151,13.1,84.6,4.6,33.3,62.0,82.0,B,3.27
526408,5.4,79.1,5.3,21.5,46.8,61.3,C,2.27
526678,11.8,67.9,6.0,34.3,71.3,88.4,A,3.02
526748,15.1,82.3,9.7,34.8,59.8,82.3,B,3.21
527357,6.0,83.7,8.7,21.8,45.4,60.7,C,2.39
527944,9.6,85.7,3.6,28.2,56.1,73.5,B,2.96
528004,24.2,78.2,4.8,46.5,76.9,100.0,A,3.79
528533,17.6,72.9,6.2,35.4,52.3,78.5,B,2.78
529403,12.8,91.0,6.5,36.6,76.7,93.9,A,3.94
529928,5.5,81.4,8.2,23.5,54.3,67.6,C,2.6
531516,23.2,89.0,6.6,45.8,75.1,100.0,A,4.0
531788,18.8,87.8,6.5,42.7,83.0,100.0,A,4.0
532187,6.6,75.3,6.5,21.4,41.2,57.9,C,2.02
532311,24.0,94.9,5.2,46.4,83.9,100.0,A,4.0
533028,16.7,98.5,6.7,40.0,73.9,95.7,A,4.0
533192,11.0,68.1,3.6,31.3,62.9,80.5,B,2.71
536311,12.5,87.6,3.5,35.2,72.2,89.9,A,3.67
537218,16.2,88.6,6.7,39.1,72.9,94.3,A,3.88
538357,9.3,89.9,9.5,30.5,66.5,81.8,B,3.42
538779,15.0,70.4,6.7,35.5,63.1,84.9,B,2.96
540479,11.1,77.4,5.1,35.0,77.1,92.5,A,3.47
540626,14.4,71.8,6.4,33.1,56.3,78.6,B,2.75
540692,2.7,100.0,5.1,20.0,51.6,62.5,C,3.05
541131,20.1,88.8,9.7,43.7,77.0,100.0,A,4.0
541445,9.0,84.2,7.3,24.0,41.9,60.9,C,2.41
542039,14.3,81.9,3.7,29.1,40.6,65.4,C,2.52
542973,8.3,74.7,0.8,24.4,46.0,63.7,C,2.24
543083,5.2,77.2,7.8,21.2,46.3,60.6,C,2.19
544055,19.8,92.2,3.7,43.5,77.1,100.0,A,4.0
544961,6.9,71.1,2.8,23.3,47.9,63.8,C,2.14
545484,3.2,79.7,3.6,17.3,38.9,52.4,D,1.94
546942,19.4,82.2,5.9,43.1,75.9,100.0,A,3.92
547704,14.4,89.3,3.1,38.4,77.3,96.1,A,3.97
547780,23.5,75.2,4.9,46.1,82.8,100.0,A,3.7
547878,22.9,86.8,3.3,45.7,78.2,100.0,A,4.0
549275,12.5,85.7,6.1,32.3,60.5,80.1,B,3.22
550034,7.2,80.3,6.5,28.6,67.7,80.6,B,3.08
550671,6.1,92.1,8.2,20.6,40.0,56.4,C,2.47
552548,18.5,75.5,5.4,41.3,72.0,96.0,A,3.55
553663,14.1,86.3,6.4,36.4,70.6,90.2,A,3.65
556419,23.3,88.1,6.1,45.9,74.0,100.0,A,4.0
556875,15.2,85.6,4.9,38.5,74.3,94.4,A,3.8
559363,9.2,89.0,4.4,27.4,54.5,71.7,B,2.99
561881,10.8,100.0,5.3,30.0,58.7,76.8,B,3.58
561975,15.0,77.7,6.5,40.0,82.1,100.0,A,3.78
562204,0.4,68.6,5.5,11.1,25.8,38.6,F,1.05
563590,15.7,90.1,6.0,36.8,65.7,87.8,A,3.67
565405,17.9,91.1,3.1,40.8,72.5,95.7,A,4.0
565423,7.4,89.0,3.0,26.9,59.7,74.2,B,3.09
565511,18.4,85.5,5.0,39.2,64.0,89.2,A,3.58
566079,15.9,81.8,4.0,39.5,75.4,96.1,A,3.75
566364,6.6,86.7,5.7,27.0,63.8,76.7,B,3.12
567096,6.5,81.4,4.9,25.8,59.4,73.0,B,2.81
567131,8.7,98.7,3.0,28.0,59.2,75.0,B,3.41
567203,11.1,82.0,9.9,32.8,68.5,85.3,A,3.32
567224,23.7,82.8,4.7,46.2,71.8,100.0,A,3.93
568229,17.6,100.0,5.3,38.1,62.9,87.5,A,3.96
568671,6.9,84.6,8.0,28.4,68.1,80.6,B,3.21
568761,8.5,72.6,6.2,25.1,48.4,65.8,C,2.26
569264,11.7,92.5,3.4,29.0,50.9,71.3,B,3.08
569925,14.3,75.2,8.7,34.3,61.4,82.7,B,3.01
570267,20.4,91.7,8.5,43.9,78.6,100.0,A,4.0
570302,18.3,88.2,9.8,41.2,72.5,96.1,A,3.94
571750,10.7,76.6,5.8,31.0,62.9,80.3,B,2.96
572617,19.2,82.5,5.6,43.0,76.6,100.0,A,3.93
573358,14.7,88.2,7.0,37.2,71.1,91.2,A,3.74
573559,4.7,100.0,4.3,16.2,28.5,45.3,D,2.31
573585,14.8,77.6,7.5,36.3,67.3,88.1,A,3.3
575348,18.7,79.2,8.5,41.6,72.5,96.6,A,3.69
575895,20.7,97.5,6.3,43.3,71.1,97.4,A,4.0
576650,3.0,92.4,4.6,20.6,52.7,63.7,C,2.77
576799,20.1,94.3,3.5,43.7,78.9,100.0,A,4.0
577319,19.2,93.2,6.9,43.0,83.2,100.0,A,4.0
577746,10.6,76.9,8.2,30.2,60.2,77.9,B,2.87
577930,4.1,62.2,3.6,23.9,61.7,72.3,B,2.21
578366,14.8,87.3,8.6,36.6,68.5,89.2,A,3.64
578795,13.9,100.0,7.4,33.8,61.0,82.0,B,3.77
579307,12.0,91.8,6.1,37.8,85.8,100.0,A,4.0
580123,4.7,82.9,3.9,24.9,63.1,74.1,B,2.9
580404,15.3,89.2,4.4,34.2,57.0,80.1,B,3.33
580446,24.9,71.3,5.0,47.0,68.9,100.0,A,3.59
581837,20.9,89.9,5.0,44.2,73.8,100.0,A,4.0
582947,10.0,86.0,4.4,31.3,66.8,82.8,B,3.34
583341,15.4,72.3,2.7,33.2,52.5,76.4,B,2.68
584243,15.5,86.0,3.3,36.7,66.3,88.0,A,3.55
584292,26.2,96.5,4.7,48.0,71.1,100.0,A,4.0
585985,20.5,83.8,5.5,43.9,74.8,100.0,A,3.97
586918,13.7,86.3,6.0,35.8,69.7,89.0,A,3.6
587306,11.1,79.9,3.3,32.4,66.9,84.0,B,3.21
587409,27.4,83.1,6.0,48.8,71.1,100.0,A,3.94
587548,10.3,89.4,8.6,25.6,42.8,63.1,C,2.66
590300,15.6,87.5,5.7,40.4,81.1,100.0,A,4.0
590348,9.3,86.4,4.8,30.0,64.8,80.3,B,3.25
590726,4.4,85.5,3.7,16.9,32.2,48.1,D,1.94
590888,15.3,89.6,0.1,40.2,81.9,100.0,A,4.0
592288,16.8,99.7,6.0,41.3,86.6,100.0,A,4.0
593465,13.1,68.7,3.8,35.2,69.9,88.5,A,3.05
593968,21.9,87.6,9.2,44.1,69.5,97.4,A,3.98
597099,21.5,69.5,6.8,44.6,84.2,100.0,A,3.53
597280,15.4,84.9,7.1,40.3,82.2,100.0,A,4.0
597553,22.6,100.0,7.8,45.4,75.0,100.0,A,4.0
597586,12.5,98.4,6.7,34.8,70.9,88.7,A,3.95
597965,12.8,59.7,5.0,36.2,75.4,92.8,A,2.95
598563,18.8,71.3,5.0,38.5,59.6,85.9,A,3.03
599095,30.0,86.9,6.9,50.7,73.9,100.0,A,4.0
599607,18.2,100.0,9.5,36.6,54.6,81.1,B,3.7
599915,28.6,80.3,9.2,49.7,79.8,100.0,A,3.86
600786,10.3,74.3,7.1,30.6,62.7,79.7,B,2.87
602328,5.6,71.8,1.9,19.0,35.9,52.4,D,1.7
602384,10.3,84.1,6.1,26.3,45.6,65.4,C,2.59
602682,13.5,80.4,5.7,33.4,60.8,81.4,B,3.12
602845,7.6,89.9,8.4,25.7,54.3,69.9,C,2.94
602960,11.5,98.2,4.1,29.0,51.7,71.7,B,3.26
604707,11.9,82.8,7.8,32.3,63.5,81.9,B,3.21
604825,15.9,81.5,2.6,38.6,72.0,93.2,A,3.62
605878,20.8,70.7,6.2,44.2,81.9,100.0,A,3.57
606024,12.5,69.2,7.9,30.2,52.2,73.2,B,2.45
606358,29.8,83.0,6.7,50.6,80.7,100.0,A,3.94
606373,7.3,69.8,6.0,24.8,51.9,67.5,C,2.24
607208,8.0,84.8,8.0,24.9,49.4,66.2,C,2.64
607326,3.0,87.8,5.5,16.1,34.8,48.8,D,2.04
607357,11.1,75.9,8.6,27.8,48.6,68.7,C,2.48
607628,3.5,100.0,8.5,19.3,45.7,58.4,C,3.08
608512,15.0,74.1,6.3,34.8,60.4,82.6,B,2.98
610459,9.6,96.0,6.4,28.2,56.2,73.5,B,3.27
612790,16.2,79.4,5.4,37.5,66.4,88.9,A,3.39
615077,22.1,71.5,7.5,45.1,72.8,100.0,A,3.6
615316,14.7,96.6,5.3,38.1,74.7,94.3,A,4.0
615340,23.8,88.6,3.7,46.3,79.3,100.0,A,4.0
616221,3.5,88.9,4.9,25.4,70.0,78.7,B,3.26
616822,22.7,88.7,5.2,43.6,64.2,93.8,A,3.86
617718,6.8,100.0,7.9,23.1,47.3,63.2,C,3.05
620176,9.0,100.0,8.1,27.1,54.2,71.2,B,3.49
620299,8.5,93.4,5.3,23.7,42.8,61.2,C,2.7
622143,20.8,94.5,3.8,41.8,64.7,92.2,A,3.97
622550,20.3,74.3,6.1,43.8,75.1,100.0,A,3.68
623329,8.5,98.2,4.9,18.5,22.0,43.9,D,2.15
623889,21.2,88.4,5.7,44.4,76.3,100.0,A,4.0
625493,13.8,76.8,3.9,33.9,61.5,82.3,B,3.05
625675,7.6,83.7,6.2,15.9,15.1,37.2,F,1.45
625692,8.5,79.8,3.3,28.5,62.0,77.1,B,2.93
625909,16.6,70.7,3.8,37.5,64.6,87.8,A,3.08
626956,11.3,76.5,10.0,28.0,48.3,68.7,C,2.49
627105,22.6,83.9,0.0,45.4,75.8,100.0,A,3.97
627981,6.3,92.7,2.9,20.6,39.2,55.9,C,2.47
628724,18.9,76.0,8.0,41.5,71.3,95.8,A,3.56
628875,8.2,96.0,10.0,27.3,58.4,73.9,B,3.29
629265,7.0,90.9,5.6,24.8,53.2,68.3,C,2.91
630092,29.0,86.8,2.8,50.0,73.1,100.0,A,4.0
630162,25.7,89.4,5.3,47.6,70.8,100.0,A,4.0
630215,16.5,87.0,9.3,36.5,61.1,84.8,B,3.45
631382,19.5,87.9,2.6,40.9,66.5,92.4,A,3.78
631639,7.4,83.6,7.2,24.0,48.1,64.5,C,2.54
631653,9.6,70.6,2.4,27.2,52.2,70.2,B,2.38
632152,21.3,87.1,4.8,44.5,74.0,100.0,A,4.0
632304,22.3,72.3,6.2,45.2,76.7,100.0,A,3.62
633778,23.4,85.4,4.8,46.0,75.4,100.0,A,4.0
633998,3.4,79.4,6.6,14.9,28.5,44.0,D,1.59
635397,20.4,68.3,6.2,40.9,62.6,90.1,A,3.1
638309,15.2,85.6,5.6,37.7,71.2,91.8,A,3.69
640055,19.0,91.9,6.7,42.8,78.6,100.0,A,4.0
640334,13.6,90.1,8.4,32.4,56.3,77.8,B,3.27
640934,13.7,84.9,6.5,30.3,47.8,70.8,B,2.83
641022,20.5,95.9,4.4,44.0,76.0,100.0,A,4.0
641967,21.2,79.9,6.2,44.4,79.3,100.0,A,3.85
641981,13.1,100.0,4.4,33.1,61.4,81.5,B,3.81
642789,6.9,80.4,7.7,21.4,40.4,57.5,C,2.16
642840,7.8,93.7,8.7,22.4,40.4,58.5,C,2.6
644428,14.3,86.0,5.0,32.0,52.4,75.2,B,3.04
644498,0.6,100.0,7.6,16.9,48.0,57.3,C,2.98
644964,7.6,71.7,3.7,30.0,71.7,84.3,B,2.97
646513,23.1,73.9,7.4,45.8,75.9,100.0,A,3.67
647179,7.7,98.1,8.5,27.9,62.9,77.0,B,3.47
647360,31.5,100.0,5.0,51.8,73.6,100.0,A,4.0
648369,16.2,99.5,4.1,33.4,49.9,75.1,B,3.44
648862,1.5,80.3,5.6,16.3,42.2,53.4,D,2.0
649113,22.3,71.2,5.7,45.2,81.6,100.0,A,3.59
651873,17.8,67.9,7.7,39.4,67.6,91.5,A,3.15
652556,15.7,85.0,2.6,38.1,71.0,92.1,A,3.68
653120,18.8,79.7,8.2,37.8,57.0,83.7,B,3.19
653637,14.7,77.8,5.0,39.8,82.7,100.0,A,3.78
653726,35.3,79.1,7.6,54.5,68.4,100.0,A,3.82
654316,15.4,76.7,6.3,34.8,58.9,81.8,B,3.02
654625,20.6,86.2,5.8,44.0,75.3,100.0,A,4.0
655319,23.7,95.2,7.1,46.2,78.7,100.0,A,4.0
655617,20.2,85.2,6.1,43.7,75.0,100.0,A,4.0
655983,16.3,100.0,2.2,39.9,75.2,96.4,A,4.0
656826,27.6,93.8,2.5,49.0,74.2,100.0,A,4.0
657733,11.0,86.2,5.0,31.4,63.1,80.7,B,3.27
658138,21.9,66.0,5.5,44.9,79.4,100.0,A,3.43
658288,29.8,87.2,7.0,50.6,70.1,100.0,A,4.0
658427,13.5,95.9,7.2,35.5,69.2,88.4,A,3.86
659563,22.2,67.9,5.1,45.1,74.7,100.0,A,3.49
659640,19.4,92.1,8.9,34.7,41.9,71.8,B,3.09
659807,3.8,85.9,5.1,20.7,49.9,62.2,C,2.51
660824,10.7,85.7,3.9,28.3,52.3,71.4,B,2.88
661040,17.9,92.1,10.0,37.1,58.0,83.6,B,3.56
661483,9.8,79.3,5.1,27.9,54.4,72.2,B,2.72
662245,25.6,69.2,5.3,47.4,67.0,99.2,A,3.5
662414,6.5,86.9,3.3,24.6,54.8,69.1,C,2.82
663616,9.8,76.9,3.9,27.1,51.1,69.4,C,2.53
663732,0.0,83.2,5.3,11.4,29.0,40.8,D,1.58
663942,11.9,83.4,10.0,29.3,51.1,71.7,B,2.82
666889,21.4,83.9,8.7,42.8,66.3,94.2,A,3.73
671355,23.1,78.3,5.4,43.5,61.7,92.2,A,3.49
671362,11.3,82.4,6.8,28.2,49.3,69.5,C,2.7
671926,12.4,83.7,4.8,33.5,66.2,84.7,B,3.35
672359,12.0,84.4,3.5,28.3,46.8,68.2,C,2.71
672512,11.0,68.6,5.2,29.0,53.9,73.0,B,2.43
673533,18.2,64.9,5.8,42.0,75.7,98.8,A,3.35
674943,19.1,83.5,10.0,43.0,82.5,100.0,A,3.96
675595,0.0,76.4,5.3,11.7,31.5,42.9,D,1.46
677420,21.0,75.3,7.2,39.1,53.0,82.7,B,3.02
677815,16.7,66.9,7.5,36.0,58.5,82.8,B,2.77
678061,14.9,85.0,4.1,40.0,83.8,100.0,A,4.0
678240,20.1,100.0,5.0,40.4,62.0,89.3,A,4.0
678827,0.5,100.0,6.9,19.8,60.1,67.3,C,3.14
678876,14.2,86.6,6.1,39.4,83.1,100.0,A,4.0
679410,14.3,89.4,8.0,33.8,59.6,81.2,B,3.38
681606,20.0,81.1,7.0,43.5,78.5,100.0,A,3.88
683048,7.0,85.3,8.9,24.4,51.4,66.8,C,2.68
684251,35.0,78.1,10.0,54.3,70.0,100.0,A,3.79
684488,14.0,97.4,6.6,37.7,75.9,94.5,A,4.0
684661,16.5,82.0,3.0,31.4,41.0,68.0,C,2.63
686066,22.2,87.1,8.2,45.1,78.2,100.0,A,4.0
686751,19.9,99.8,6.9,42.0,69.1,95.0,A,4.0
687421,9.8,67.5,5.6,29.4,60.2,77.0,B,2.56
688932,15.6,83.2,8.9,38.5,72.9,93.6,A,3.69
689412,3.6,68.7,3.6,24.5,65.8,75.3,B,2.52
690928,21.7,81.5,8.1,44.8,73.8,100.0,A,3.89
691886,22.3,90.9,4.5,45.2,73.6,100.0,A,4.0
691971,17.7,75.4,9.7,40.2,70.9,94.2,A,3.48
693141,13.7,97.9,3.7,37.6,77.0,95.1,A,4.0
694207,16.0,84.4,5.1,40.7,79.9,99.9,A,3.98
695199,16.1,76.5,6.3,40.8,84.2,100.0,A,3.75
695225,13.9,80.9,5.1,31.9,53.5,75.7,B,2.91
695259,16.7,70.8,7.8,37.2,63.1,86.7,A,3.04
695826,18.2,80.5,7.4,42.3,87.2,100.0,A,3.87
696213,18.6,87.8,10.0,42.6,81.4,100.0,A,4.0
696232,21.5,80.2,1.1,44.6,81.4,100.0,A,3.86
696240,13.7,84.2,7.1,36.2,71.3,90.4,A,3.59
696591,18.4,81.4,5.1,41.5,73.4,97.0,A,3.77
696608,15.5,88.5,7.6,32.8,50.3,74.7,B,3.09
697339,16.2,79.2,5.8,37.6,66.7,89.2,A,3.39
698253,6.8,73.9,4.1,24.9,54.7,69.3,C,2.44
698335,22.7,73.6,8.5,45.5,79.4,100.0,A,3.66
698919,10.9,72.0,5.5,23.7,33.0,55.5,C,1.83
701083,11.1,87.0,5.6,29.0,53.4,72.7,B,2.97
703174,19.4,97.9,4.7,39.1,59.5,86.5,A,3.85
705986,5.7,89.6,5.0,20.5,41.2,57.0,C,2.42
708092,6.3,90.9,9.2,29.2,74.1,84.9,B,3.57
711422,10.7,84.7,5.9,29.5,56.7,75.1,B,2.99
711525,15.2,73.7,7.2,36.1,64.6,86.4,A,3.12
712239,22.6,85.0,6.1,44.8,69.1,97.8,A,3.91
713616,23.2,83.9,10.0,45.8,76.0,100.0,A,3.97
714980,10.9,89.3,5.2,30.1,58.2,76.6,B,3.19
715677,13.1,84.3,7.9,33.8,64.5,84.0,B,3.34
716009,1.8,56.5,5.9,16.2,40.3,52.1,D,1.23
716049,25.6,80.7,7.2,47.6,72.9,100.0,A,3.87
716635,11.3,89.1,6.5,33.1,68.8,85.8,A,3.56
717037,15.7,75.8,5.6,36.9,65.8,87.9,A,3.24
718165,14.2,68.8,7.0,33.3,57.8,79.6,B,2.7
719551,19.4,89.1,5.4,43.0,75.4,99.7,A,4.0
719741,20.4,84.0,8.6,43.9,76.4,100.0,A,3.97
719757,14.4,77.3,7.1,34.2,60.8,82.3,B,3.06
720249,15.2,72.7,5.0,35.7,63.2,85.2,A,3.04
720398,16.6,91.0,6.1,38.5,68.4,91.0,A,3.82
720513,10.8,94.2,3.6,30.0,58.4,76.6,B,3.34
721136,11.9,78.1,7.3,33.2,67.1,84.9,B,3.19
721733,8.6,100.0,6.8,26.6,53.9,70.5,B,3.36
722787,14.6,84.0,8.6,33.6,57.1,79.5,B,3.15
723029,14.1,84.2,6.2,35.3,66.2,86.5,A,3.44
723093,12.3,82.4,5.6,32.2,61.2,80.5,B,3.14
723571,6.7,96.3,7.8,23.8,50.6,65.8,C,2.97
724745,19.0,79.5,5.4,41.0,68.6,93.7,A,3.58
726696,22.1,79.9,8.3,43.3,65.3,94.1,A,3.61
727933,17.7,89.7,3.5,41.4,76.0,98.4,A,4.0
728183,17.8,77.6,10.0,41.6,76.3,98.8,A,3.73
728236,12.2,77.9,7.3,32.4,62.1,81.2,B,3.04
728642,20.2,90.8,6.1,43.7,79.4,100.0,A,4.0
730354,24.4,71.2,6.7,46.7,81.6,100.0,A,3.58
731057,19.8,88.8,7.2,41.4,67.3,93.4,A,3.85
731480,12.5,67.2,4.0,36.9,79.0,95.5,A,3.29
732058,4.2,86.5,3.3,23.0,57.4,68.9,C,2.8
732196,11.5,93.8,6.4,33.5,69.8,86.8,A,3.74
732667,8.7,81.2,5.4,28.2,60.1,75.8,B,2.92
732734,16.9,82.3,5.3,37.1,61.9,85.8,A,3.35
733379,4.1,95.0,6.3,24.4,63.6,74.0,B,3.26
733581,12.5,100.0,5.3,33.4,64.9,83.8,B,3.85
733811,9.8,61.9,3.6,26.6,49.0,67.7,C,2.02
734472,8.1,85.2,5.6,24.8,49.0,65.9,C,2.64
735053,17.7,99.0,3.3,41.9,80.4,100.0,A,4.0
735918,12.6,78.7,5.4,31.2,55.8,76.3,B,2.86
736363,6.6,90.9,8.8,21.2,40.8,57.5,C,2.48
737328,6.6,81.8,4.6,26.5,61.6,74.9,B,2.9
737862,18.0,77.8,8.0,40.5,70.9,94.5,A,3.56
737971,23.5,93.2,5.6,46.1,77.6,100.0,A,4.0
738691,18.6,72.5,8.2,38.8,61.7,87.4,A,3.12
738782,22.4,91.3,9.1,42.5,60.9,90.8,A,3.82
738974,6.2,85.2,9.4,18.9,32.7,50.4,D,2.02
739482,16.1,79.2,8.3,40.8,86.7,100.0,A,3.83
740316,7.1,100.0,7.2,28.7,68.3,81.0,B,3.91
740547,25.2,87.6,5.8,47.3,79.8,100.0,A,4.0
740969,25.1,83.2,2.8,47.2,80.5,100.0,A,3.95
742337,24.5,95.4,4.2,46.8,80.7,100.0,A,4.0
742365,20.0,80.4,4.1,43.6,80.9,100.0,A,3.86
743302,12.6,81.0,2.7,36.6,77.7,94.5,A,3.66
743391,14.6,88.2,5.2,37.6,73.2,92.9,A,3.81
743822,12.7,74.8,7.5,34.8,69.9,88.2,A,3.22
743972,8.9,97.2,7.4,33.6,80.8,93.2,A,4.0
745285,25.8,81.9,4.4,47.7,71.7,100.0,A,3.91
747947,20.4,77.8,5.2,39.8,58.3,86.5,A,3.24
748708,24.0,61.5,2.0,46.4,83.3,100.0,A,3.29
748856,22.5,94.6,5.2,45.4,76.3,100.0,A,4.0
749394,5.2,100.0,5.5,24.4,58.8,71.1,B,3.68
749754,2.9,90.0,8.1,15.8,34.0,48.0,D,2.07
750651,26.8,77.5,7.5,48.4,74.0,100.0,A,3.77
750656,14.9,88.0,4.5,31.6,47.8,72.1,B,2.98
751169,25.4,87.8,8.3,47.5,74.8,100.0,A,4.0
751172,5.4,83.7,7.7,19.2,37.5,53.6,D,2.11
751296,6.2,99.5,1.9,24.0,53.3,67.5,C,3.14
751314,20.3,78.2,4.3,43.8,81.6,100.0,A,3.8
751502,14.4,82.2,5.2,37.8,75.1,94.2,A,3.68
751677,18.8,88.3,5.1,39.4,63.4,89.1,A,3.66
751986,7.2,85.6,5.9,28.8,68.5,81.2,B,3.26
751997,17.7,92.7,4.2,42.0,83.1,100.0,A,4.0
752404,17.4,86.6,7.6,41.7,80.0,100.0,A,4.0
755121,11.8,90.2,4.9,29.9,53.8,73.8,B,3.11
756451,18.0,91.6,5.5,40.1,69.2,93.1,A,3.92
756972,17.0,100.0,5.0,37.8,64.1,87.8,A,4.0
757599,9.6,91.9,9.0,20.4,24.8,47.4,D,2.1
758445,0.0,79.1,6.3,18.6,61.7,68.1,C,2.55
759041,10.9,93.3,7.5,27.2,47.0,67.1,C,2.93
761264,20.6,81.3,6.2,44.0,76.7,100.0,A,3.89
762142,17.8,85.5,7.2,39.2,66.6,90.7,A,3.64
762640,11.3,64.5,8.7,34.3,73.6,89.8,A,2.98
762884,11.8,77.5,2.9,32.3,63.7,82.0,B,3.06
763199,18.6,89.0,3.5,33.8,41.9,70.9,B,2.96
763826,12.9,79.2,1.8,30.0,49.5,71.4,B,2.68
765187,7.2,84.9,5.7,26.1,57.7,72.3,B,2.89
765404,7.4,97.7,4.9,27.6,63.0,76.9,B,3.46
765525,16.1,77.0,5.0,34.7,55.6,79.8,B,2.95
766419,12.0,94.5,7.9,34.4,71.1,88.4,A,3.82
766517,19.9,75.9,3.7,43.5,79.6,100.0,A,3.73
767461,20.8,93.1,2.0,44.1,76.6,100.0,A,4.0
768295,14.0,86.5,3.7,36.1,69.6,89.3,A,3.62
769437,26.5,82.5,5.7,48.2,79.7,100.0,A,3.92
771750,12.9,87.1,5.7,31.9,57.5,78.0,B,3.18
772347,7.4,90.3,7.3,30.3,74.0,86.0,A,3.6
772978,18.6,95.1,7.4,42.2,74.9,98.5,A,4.0
773173,15.9,97.5,6.2,39.7,76.5,96.9,A,4.0
773850,9.6,74.6,10.0,34.2,80.5,93.7,A,3.44
774468,8.9,94.2,5.1,26.9,54.1,71.0,B,3.12
774927,26.1,61.8,9.8,47.9,70.9,100.0,A,3.3
774934,25.3,86.8,5.5,47.3,85.1,100.0,A,4.0
775109,6.6,63.3,3.8,21.4,41.2,57.9,C,1.66
775745,10.4,87.8,6.7,27.3,49.4,68.7,C,2.83
777195,6.5,84.6,8.0,21.4,41.8,58.3,C,2.32
777380,18.9,88.9,4.9,42.8,85.4,100.0,A,4.0
777798,10.3,76.7,10.0,33.2,73.1,88.4,A,3.29
777846,17.2,79.3,5.0,41.6,81.8,100.0,A,3.83
778660,12.4,91.1,8.2,29.1,48.0,69.6,C,2.97
778959,14.9,88.5,7.1,33.6,56.0,78.9,B,3.26
779455,15.1,90.7,2.8,36.3,66.0,87.4,A,3.67
779636,4.0,79.3,4.1,19.9,46.2,59.3,C,2.2
780205,12.2,91.6,3.0,30.5,54.5,74.8,B,3.19
780211,6.5,86.9,6.7,24.0,52.0,66.8,C,2.73
780365,7.4,85.9,6.5,25.9,56.2,71.2,B,2.88
780382,10.6,80.8,6.6,26.6,45.4,65.6,C,2.5
780882,21.2,77.4,6.0,43.4,69.3,96.5,A,3.63
781124,17.1,69.4,7.5,41.4,78.0,99.5,A,3.51
782232,19.3,83.4,5.1,43.1,81.4,100.0,A,3.95
782474,31.1,79.1,3.7,51.5,75.0,100.0,A,3.82
782889,13.2,74.3,7.1,34.1,65.1,84.7,B,3.07
784150,19.6,94.5,4.2,43.3,80.3,100.0,A,4.0
784383,15.9,95.6,7.5,38.0,69.7,91.3,A,3.97
784893,12.5,82.9,7.0,32.9,63.3,82.4,B,3.23
785556,9.7,78.4,9.2,31.8,70.0,85.2,A,3.21
787315,15.5,94.9,5.4,39.8,78.6,98.3,A,4.0
787692,7.7,79.8,1.3,27.7,62.1,76.4,B,2.9
788008,29.5,95.5,7.9,50.4,72.7,100.0,A,4.0
788408,8.4,91.4,3.9,22.8,39.8,58.6,C,2.54
789556,21.8,83.4,7.5,44.9,74.6,100.0,A,3.95
792184,17.4,82.3,6.1,36.9,59.1,84.0,B,3.28
792578,23.4,77.0,7.2,46.0,79.5,100.0,A,3.76
793422,6.3,89.0,7.6,17.9,28.3,46.9,D,2.0
793762,18.5,100.0,10.0,36.8,53.8,80.8,B,3.76
794874,29.1,74.3,5.3,50.1,80.0,100.0,A,3.68
795487,17.9,84.9,6.5,37.9,60.9,86.1,A,3.44
795496,15.5,83.7,7.9,34.4,56.6,80.0,B,3.16
796041,22.5,82.0,7.0,42.7,61.3,91.2,A,3.56
797882,9.2,92.1,1.9,30.9,68.8,83.6,B,3.56
799218,7.3,90.9,4.3,26.1,57.2,72.0,B,3.06
799795,10.3,79.3,10.0,31.5,66.3,82.7,B,3.14
801373,3.9,92.9,6.6,23.4,60.5,71.1,B,3.08
802211,20.0,100.0,6.6,42.4,70.4,96.2,A,4.0
802407,29.5,83.1,10.0,50.4,81.4,100.0,A,3.94
802842,19.6,100.0,6.8,43.3,84.1,100.0,A,4.0
803049,29.2,93.1,7.4,50.1,78.0,100.0,A,4.0
803241,19.9,91.3,8.6,41.5,67.3,93.4,A,3.92
803685,22.6,74.7,5.4,44.6,68.4,97.2,A,3.58
803715,16.3,80.3,6.0,36.4,61.4,84.8,B,3.25
803977,11.5,91.9,9.0,37.5,85.7,100.0,A,4.0
804400,20.0,88.7,7.0,43.6,76.8,100.0,A,4.0
804525,7.2,80.0,3.9,26.3,58.6,73.0,B,2.77
804704,14.4,100.0,7.8,39.0,79.6,98.0,A,4.0
804755,8.8,97.2,8.0,29.7,65.4,80.4,B,3.58
804835,5.4,90.5,8.1,26.7,67.3,78.4,B,3.3
805253,23.9,78.1,5.5,46.3,76.1,100.0,A,3.79
806085,5.2,92.4,5.3,20.8,44.6,59.3,C,2.59
807089,9.1,77.7,6.5,26.1,50.0,67.8,C,2.49
809182,6.2,80.4,6.1,24.9,57.0,70.6,B,2.68
809977,13.4,85.4,4.7,36.0,72.2,90.7,A,3.64
810617,17.1,87.2,7.0,38.5,66.6,90.0,A,3.67
811162,14.4,83.1,7.8,39.6,82.3,100.0,A,3.94
811277,16.0,63.9,4.2,38.5,71.0,92.5,A,3.07
811354,11.0,85.2,3.7,37.1,86.2,99.9,A,4.0
811551,21.0,100.0,4.5,41.4,62.3,90.4,A,4.0
812327,31.2,66.4,4.8,51.6,64.6,100.0,A,3.44
812445,10.5,94.5,2.9,26.6,46.0,66.0,C,2.93
813499,11.3,76.5,4.0,28.0,48.6,68.9,C,2.5
813643,17.9,85.1,3.6,42.1,81.0,100.0,A,4.0
813897,28.3,79.1,3.1,49.5,71.1,100.0,A,3.82
815747,10.3,73.1,5.6,31.0,64.4,81.1,B,2.89
816030,8.7,86.2,3.6,28.5,61.3,76.8,B,3.11
817045,23.2,82.0,6.5,43.2,60.6,91.3,A,3.56
817323,8.5,65.6,6.5,31.1,72.3,85.8,A,2.85
817616,10.2,83.6,7.7,31.0,64.9,81.4,B,3.21
818730,7.5,73.2,6.6,20.2,33.1,52.0,D,1.73
819654,0.0,92.6,1.7,7.6,27.0,39.2,F,1.8
820288,24.4,78.2,6.0,46.7,75.9,100.0,A,3.79
820974,13.1,89.7,6.3,35.3,70.0,88.7,A,3.69
821317,15.6,100.0,4.4,40.1,79.2,98.9,A,4.0
822931,14.6,86.3,5.9,39.1,79.2,97.9,A,3.95
823018,23.8,63.3,7.8,46.3,77.3,100.0,A,3.35
824869,26.1,78.7,8.2,47.9,86.2,100.0,A,3.81
825161,16.4,85.2,5.5,41.0,81.7,100.0,A,4.0
826638,23.3,88.6,1.3,45.9,76.2,100.0,A,4.0
826661,17.6,84.3,5.0,39.3,67.8,91.5,A,3.64
828826,23.3,78.7,5.4,45.9,73.1,100.0,A,3.81
829339,16.9,79.1,3.7,37.4,62.8,86.7,A,3.29
829636,24.3,80.7,5.7,46.7,72.1,100.0,A,3.87
829830,22.1,83.4,9.2,45.1,76.2,100.0,A,3.95
830425,5.3,89.8,3.3,17.6,31.5,48.4,D,2.08
831429,0.0,89.2,5.6,13.7,38.3,48.6,D,2.07
831640,15.5,85.2,7.4,32.0,47.0,72.0,B,2.89
832557,19.1,65.6,5.2,40.8,67.3,92.7,A,3.13
833380,12.0,87.5,2.1,32.3,63.0,81.6,B,3.34
834062,23.4,73.8,7.7,46.0,80.7,100.0,A,3.67
834278,12.5,89.2,8.8,28.4,44.9,67.1,C,2.81
834662,20.6,86.9,4.3,44.0,79.1,100.0,A,4.0
835420,16.0,73.2,5.7,40.7,81.0,100.0,A,3.64
836406,16.1,97.8,4.6,34.4,54.4,78.8,B,3.54
837316,16.5,87.9,6.1,40.1,75.6,96.8,A,3.96
837524,2.0,86.2,10.0,14.8,33.7,46.8,D,1.91
840746,18.6,74.9,5.7,41.9,74.0,97.7,A,3.61
841873,16.1,61.7,5.7,32.0,45.0,70.9,B,2.14
841963,15.7,81.5,5.1,34.6,57.0,80.5,B,3.12
842883,0.0,100.0,6.9,19.8,66.0,71.7,B,3.55
844520,28.0,70.7,6.1,49.3,65.0,100.0,A,3.57
844811,14.1,84.4,7.6,37.8,76.1,94.8,A,3.77
844873,13.1,75.0,9.9,32.8,60.4,80.6,B,2.92
845784,10.3,82.0,3.4,29.2,57.3,75.1,B,2.91
847804,13.3,58.9,3.4,37.8,79.6,96.8,A,3.09
848534,25.9,79.7,6.2,47.8,70.4,100.0,A,3.84
848988,25.6,94.4,6.1,47.6,72.7,100.0,A,4.0
849151,1.5,82.0,4.7,22.1,65.0,72.4,B,2.81
849696,8.7,79.8,3.0,24.9,46.7,64.7,C,2.43
851694,15.6,70.8,6.5,35.7,61.8,84.4,B,2.95
852652,18.9,98.9,6.2,42.8,83.8,100.0,A,4.0
852975,2.8,88.7,6.3,20.0,51.1,62.2,C,2.6
853199,19.9,83.4,7.1,41.4,66.8,93.1,A,3.68
853785,17.5,100.0,6.5,35.8,54.1,80.0,B,3.97
855215,0.0,83.0,9.1,9.4,27.5,39.6,F,1.53
855308,28.8,83.3,4.9,49.9,70.8,100.0,A,3.95
855486,24.0,76.5,4.1,46.5,75.5,100.0,A,3.75
855772,22.3,70.6,3.3,45.2,72.3,100.0,A,3.57
857349,18.7,73.1,4.9,42.7,79.4,100.0,A,3.64
857579,17.2,93.5,4.5,37.3,61.8,86.0,A,3.7
858257,18.4,85.8,4.9,41.7,73.9,97.5,A,3.93
858788,15.5,69.2,5.3,36.0,63.2,85.4,A,2.94
858829,16.3,75.5,7.9,40.9,82.1,100.0,A,3.71
858885,15.9,71.1,4.3,39.8,76.7,97.1,A,3.47
859354,23.9,77.2,4.8,46.4,82.3,100.0,A,3.76
859499,8.8,89.8,6.2,26.5,52.8,69.8,C,2.93
859619,17.6,92.1,5.1,41.9,83.1,100.0,A,4.0
860003,13.9,86.7,4.7,36.2,70.8,90.1,A,3.65
860372,16.5,73.6,3.8,41.1,79.4,100.0,A,3.66
860509,14.0,80.8,6.9,37.9,77.0,95.4,A,3.69
861311,22.4,99.6,6.9,45.3,73.3,100.0,A,4.0
861635,17.4,75.0,8.0,37.3,60.7,85.4,A,3.12
861995,19.1,88.3,2.3,42.9,80.3,100.0,A,4.0
863785,8.2,83.4,9.3,26.4,54.8,70.9,B,2.79
863831,5.4,78.1,6.4,19.3,38.0,53.9,D,1.95
864372,9.9,89.6,5.6,30.5,64.3,80.5,B,3.36
864373,3.2,72.3,9.1,16.5,35.9,49.9,D,1.61
864742,21.9,88.4,9.0,44.9,78.5,100.0,A,4.0
865261,7.7,95.7,5.5,24.1,47.7,64.4,C,2.9
868206,14.5,92.9,6.8,39.7,86.2,100.0,A,4.0
868698,16.7,77.8,4.0,38.6,68.6,91.2,A,3.43
870290,5.9,87.2,6.3,26.9,66.5,78.2,B,3.19
870471,19.0,80.9,2.9,40.6,67.2,92.5,A,3.58
871580,21.8,88.9,1.7,44.9,79.8,100.0,A,4.0
871824,29.8,77.3,6.7,50.6,81.4,100.0,A,3.77
872420,14.3,82.6,6.6,36.2,68.8,88.9,A,3.48
872560,14.4,85.3,9.3,33.7,58.5,80.4,B,3.23
873769,11.0,96.6,1.9,34.8,77.0,92.3,A,4.0
874663,33.8,68.2,4.7,53.4,73.5,100.0,A,3.5
875278,30.8,83.9,6.0,51.3,74.6,100.0,A,3.97
875398,22.1,72.8,3.2,45.1,79.6,100.0,A,3.64
875800,20.3,90.1,8.0,43.8,78.7,100.0,A,4.0
876145,19.9,58.7,4.2,43.5,76.9,100.0,A,3.21
876376,20.7,73.1,6.7,44.1,74.6,100.0,A,3.64
877531,17.1,83.5,4.2,38.7,67.4,90.6,A,3.58
878808,20.1,92.4,2.8,41.8,67.6,93.9,A,3.98
878903,12.6,100.0,5.9,31.0,54.8,75.5,B,3.92
878974,14.0,80.2,3.8,33.6,59.8,81.1,B,3.1
880165,6.7,87.8,7.0,23.1,47.9,63.5,C,2.62
880550,24.3,81.5,4.6,46.6,73.3,100.0,A,3.9
881262,25.6,87.8,4.3,47.6,71.6,100.0,A,4.0
881795,13.8,78.6,5.9,34.6,64.6,84.9,B,3.2
882363,26.1,75.1,5.9,47.9,83.9,100.0,A,3.7
883250,8.1,85.9,7.2,25.4,51.1,67.7,C,2.74
884149,13.4,76.9,4.7,36.4,73.7,92.0,A,3.44
885523,13.4,74.8,3.6,34.9,67.5,86.8,A,3.17
886873,11.2,84.4,7.5,34.4,74.6,90.5,A,3.6
887065,15.1,100.0,5.6,32.7,51.9,75.6,B,3.76
887155,6.2,73.8,3.8,14.7,16.2,36.6,F,1.13
887312,18.8,93.3,5.6,39.6,63.9,89.6,A,3.83
888745,13.9,78.5,9.3,39.2,82.6,100.0,A,3.81
889146,0.8,82.6,3.8,17.6,50.0,59.2,C,2.3
890815,13.2,75.4,5.0,25.8,31.9,57.0,C,1.99
892519,22.7,77.7,5.0,45.5,74.6,100.0,A,3.78
892874,18.2,87.2,5.0,40.3,69.2,93.3,A,3.8
894339,13.3,86.0,3.8,35.9,71.9,90.4,A,3.65
894679,22.2,83.0,5.9,42.3,60.7,90.4,A,3.56
895959,21.6,71.8,8.5,44.7,73.4,100.0,A,3.6
896188,19.2,91.1,5.7,41.7,71.0,95.8,A,4.0
896828,16.9,84.6,6.1,38.8,68.7,91.5,A,3.65
897248,20.8,98.8,8.4,44.2,74.2,100.0,A,4.0
897829,20.3,80.5,5.2,43.8,74.7,100.0,A,3.87
898679,20.3,71.1,3.3,43.0,71.7,97.5,A,3.48
901729,23.4,100.0,5.0,43.7,61.5,92.3,A,4.0
902073,10.7,83.8,5.4,30.0,58.8,76.8,B,3.03
902175,18.3,86.6,7.5,39.5,65.8,90.6,A,3.67
903554,15.7,81.1,7.1,37.0,66.1,88.2,A,3.41
904485,17.5,62.3,8.6,39.3,68.1,91.7,A,2.99
904744,24.2,98.2,6.0,46.6,77.3,100.0,A,4.0
904783,8.9,80.7,5.3,27.5,56.2,72.8,B,2.78
906539,19.3,91.4,6.8,39.9,62.8,89.2,A,3.76
906986,5.8,76.2,6.7,21.9,47.0,61.8,C,2.21
908757,14.8,81.1,2.3,30.2,43.1,68.0,C,2.6
909429,17.4,99.3,7.8,36.3,56.6,82.0,B,3.71
909953,26.4,94.9,7.5,48.2,76.7,100.0,A,4.0
911167,0.0,74.1,5.8,12.6,37.6,48.0,D,1.59
912238,14.7,86.7,5.8,35.2,63.5,84.8,B,3.44
912352,19.0,97.4,4.8,42.9,76.8,100.0,A,4.0
913276,20.6,72.0,3.7,44.0,76.0,100.0,A,3.61
913466,23.5,75.0,8.9,46.1,72.6,100.0,A,3.7
914399,13.5,83.6,2.1,34.6,65.6,85.4,A,3.37
914889,4.3,72.2,5.2,18.4,38.8,53.5,D,1.76
917989,8.1,81.4,2.4,26.8,56.8,72.4,B,2.79
918231,25.2,65.0,6.2,45.5,61.3,94.0,A,3.16
919744,25.1,100.0,7.9,47.2,79.6,100.0,A,4.0
920176,18.4,92.5,4.8,40.8,70.2,94.4,A,4.0
920541,14.3,85.3,6.7,33.4,57.6,79.6,B,3.19
920590,8.3,84.1,3.4,26.1,53.0,69.5,C,2.75
920624,10.5,72.9,4.8,28.7,54.9,73.3,B,2.57
920814,22.6,77.7,4.6,45.4,77.8,100.0,A,3.78
921006,15.8,75.7,1.6,36.7,65.1,87.3,A,3.21
921166,29.0,96.5,5.7,50.0,81.3,100.0,A,4.0
921915,12.6,93.4,4.4,29.5,48.8,70.5,B,3.07
923503,20.6,91.1,5.0,43.2,71.0,97.3,A,4.0
924239,2.2,77.1,7.2,20.7,56.4,66.0,C,2.4
924645,23.6,86.2,8.4,46.1,74.7,100.0,A,4.0
926626,20.4,84.3,7.2,41.8,66.5,93.3,A,3.71
928025,3.8,85.6,9.3,22.0,55.0,66.5,C,2.68
928830,24.3,84.6,6.7,46.6,75.3,100.0,A,3.99
929225,23.3,76.1,7.5,45.9,79.7,100.0,A,3.73
929486,20.6,78.6,9.3,44.0,75.9,100.0,A,3.81
930080,14.9,96.5,4.1,38.5,75.9,95.4,A,4.0
931067,18.2,85.4,2.9,38.3,61.2,86.6,A,3.48
931205,13.9,93.0,6.3,30.9,49.1,72.1,B,3.12
931748,13.1,81.4,7.9,36.4,74.6,92.5,A,3.59
931865,12.0,86.4,7.8,31.2,58.4,77.8,B,3.15
933457,24.3,85.7,6.5,46.6,70.3,100.0,A,4.0
934075,17.5,77.5,3.4,41.8,88.7,100.0,A,3.78
934289,22.2,86.2,6.8,41.9,59.0,89.0,A,3.6
934969,35.6,83.6,5.0,54.7,82.2,100.0,A,3.96
935026,9.8,83.0,4.1,28.2,55.5,73.1,B,2.86
936792,21.5,75.5,7.7,42.7,65.2,93.4,A,3.45
937154,3.8,84.6,5.8,19.6,45.4,58.5,C,2.33
937174,14.4,83.3,7.9,35.3,65.1,85.9,A,3.38
937316,19.1,85.4,3.3,40.0,64.5,90.3,A,3.62
937868,8.5,99.3,6.2,25.7,50.8,67.8,C,3.14
938627,12.1,70.3,5.5,30.9,56.5,76.4,B,2.62
939606,5.3,95.8,5.8,22.4,50.8,64.5,C,2.9
940617,3.2,86.6,4.9,17.7,40.5,53.7,D,2.2
940969,13.4,78.1,7.0,31.5,53.7,75.4,B,2.81
941420,15.1,92.1,3.6,40.1,81.3,100.0,A,4.0
941566,18.5,100.0,6.9,41.6,73.1,96.9,A,4.0
941994,18.4,80.9,8.1,39.1,63.5,88.8,A,3.43
942088,18.6,89.3,7.4,39.2,63.1,88.7,A,3.68
942742,11.4,68.3,5.5,30.7,59.1,77.8,B,2.61
943203,12.8,79.1,7.8,37.6,80.9,97.4,A,3.72
943252,21.6,94.2,6.2,44.7,74.3,100.0,A,4.0
943379,0.4,84.8,4.2,14.5,39.0,49.6,D,1.98
943542,8.6,82.3,4.5,28.5,61.5,76.9,B,3.0
943664,7.0,97.0,7.4,23.2,46.9,63.0,C,2.88
944952,12.6,79.7,7.2,28.1,43.5,66.0,C,2.48
945185,8.6,88.2,5.4,27.1,55.8,72.1,B,2.98
945334,11.0,83.3,7.8,26.5,43.5,64.4,C,2.53
946228,20.4,82.6,6.9,43.9,75.3,100.0,A,3.93
947557,10.8,65.1,7.3,30.2,59.3,77.3,B,2.5
947798,15.9,100.0,8.6,38.7,72.6,93.7,A,4.0
948052,23.9,85.8,10.0,46.4,70.6,100.0,A,4.0
948561,24.2,89.6,3.9,45.9,66.8,97.6,A,4.0
948744,2.8,100.0,3.2,17.2,40.4,53.2,D,2.71
949429,17.2,82.6,6.9,41.6,84.6,100.0,A,3.93
949855,0.0,84.0,4.7,8.5,24.0,36.7,F,1.44
949906,10.7,71.3,4.6,26.5,44.7,65.1,C,2.19
950087,13.6,82.4,3.9,34.7,65.8,85.7,A,3.35
950261,24.4,79.8,6.3,46.7,69.7,100.0,A,3.84
951815,5.3,95.6,6.6,26.6,67.4,78.4,B,3.45
953332,14.2,82.2,4.5,36.8,71.4,91.0,A,3.56
955530,26.6,71.7,5.6,48.3,76.0,100.0,A,3.6
955664,14.4,75.7,4.6,39.5,84.4,100.0,A,3.72
956600,8.8,80.5,3.7,23.9,42.2,61.0,C,2.3
957197,31.5,94.4,9.1,51.8,80.2,100.0,A,4.0
957738,16.3,85.2,9.6,36.8,62.9,86.1,A,3.45
959376,18.4,67.2,3.9,39.8,66.6,91.3,A,3.12
960457,21.2,88.3,7.7,44.4,81.5,100.0,A,4.0
960537,3.3,97.8,5.2,20.9,53.1,64.3,C,2.96
960561,0.9,72.5,6.3,14.2,35.7,47.4,D,1.52
961315,12.1,93.5,7.8,34.6,71.4,88.8,A,3.81
961339,8.1,93.3,4.9,25.0,49.5,66.4,C,2.9
961368,16.5,78.1,7.1,36.9,62.7,86.1,A,3.24
962126,24.4,84.8,3.4,46.7,78.9,100.0,A,3.99
964598,9.7,86.1,8.9,34.4,80.4,93.8,A,3.78
964629,13.7,81.5,2.1,35.3,68.0,87.6,A,3.4
964756,18.7,81.6,7.8,39.4,63.8,89.3,A,3.47
964802,8.4,82.4,4.8,23.8,43.7,61.8,C,2.39
964907,18.0,87.0,1.7,42.2,80.1,100.0,A,4.0
964939,5.8,98.0,6.3,22.5,48.8,63.4,C,2.92
965340,23.0,87.8,3.8,45.7,76.2,100.0,A,4.0
965855,9.8,85.1,7.5,26.0,46.4,65.6,C,2.63
969440,21.6,77.5,5.1,44.7,83.1,100.0,A,3.77
970137,22.7,83.4,3.3,41.6,56.0,87.0,A,3.43
971047,4.4,76.7,7.1,20.9,48.3,61.5,C,2.21
971066,16.2,78.1,6.5,37.2,65.0,87.7,A,3.3
971149,8.2,83.0,6.5,26.3,54.2,70.4,B,2.76
973424,20.3,95.1,4.6,38.3,52.7,81.7,B,3.57
974039,14.6,85.1,9.7,33.9,58.4,80.5,B,3.22
974159,12.9,90.4,7.6,37.3,78.8,95.8,A,3.99
974747,4.7,100.0,6.9,22.2,52.5,65.3,C,3.07
977289,12.3,96.9,6.6,34.2,69.1,87.0,A,3.84
977501,27.6,97.6,6.5,49.0,75.4,100.0,A,4.0
977553,22.0,78.0,1.3,45.0,79.5,100.0,A,3.79
979593,9.0,97.9,6.2,27.9,57.4,73.9,B,3.34
979756,15.8,94.1,6.2,40.1,78.3,98.4,A,4.0
980220,2.6,93.3,10.0,17.5,42.2,54.5,D,2.43
980295,16.1,75.9,6.2,38.4,70.5,92.2,A,3.41
980329,2.8,75.7,6.7,17.7,42.1,54.7,D,1.91
980754,23.5,66.2,7.7,46.1,83.4,100.0,A,3.44
980778,18.1,100.0,8.2,39.9,68.1,92.3,A,4.0
982472,27.0,83.2,5.5,48.6,77.7,100.0,A,3.95
982816,6.8,63.1,4.4,23.4,48.8,64.4,C,1.92
983332,14.0,88.9,4.6,34.3,62.5,83.4,B,3.45
984237,14.4,99.1,4.1,35.3,64.9,85.8,A,3.86
984260,16.5,94.1,7.1,41.1,79.7,100.0,A,4.0
984408,4.2,88.0,7.5,24.4,63.2,73.7,B,3.04
987232,3.9,96.7,6.7,18.2,39.8,53.9,D,2.51
987781,15.2,88.0,8.4,30.8,43.5,68.8,C,2.84
988205,7.6,74.2,7.4,25.2,52.4,68.3,C,2.41
989985,24.5,89.4,8.8,46.8,72.6,100.0,A,4.0
990307,14.6,75.6,3.6,36.0,67.0,87.7,A,3.23
990415,15.9,82.4,3.1,40.6,86.2,100.0,A,3.92
991352,24.8,82.6,6.5,47.0,75.8,100.0,A,3.93
991531,1.3,90.1,4.1,16.9,45.4,55.8,C,2.38
992620,19.9,85.3,2.4,43.5,78.1,100.0,A,4.0
993153,14.7,83.6,7.8,36.8,69.5,89.9,A,3.55
993761,22.9,91.5,7.1,45.6,81.6,100.0,A,4.0
993769,6.8,85.7,7.4,25.7,57.7,71.9,B,2.9
994441,24.1,85.4,4.5,46.4,69.4,99.6,A,4.0
994655,15.8,82.2,4.8,36.3,63.0,85.6,A,3.34
995279,6.8,88.7,4.9,28.5,69.0,81.2,B,3.36
995316,16.1,78.8,3.6,37.5,66.8,89.1,A,3.38
995388,4.1,98.3,6.0,18.0,38.0,52.6,D,2.5
995704,28.9,67.8,6.9,49.9,84.6,100.0,A,3.48
996136,25.0,74.7,6.5,47.1,69.2,100.0,A,3.69
997097,25.3,83.9,7.0,47.4,76.9,100.0,A,3.97
997168,12.3,91.0,5.6,36.1,76.8,93.5,A,3.92
999030,19.1,87.2,9.6,41.5,70.4,95.2,A,3.87
999561,6.9,79.3,7.6,20.2,35.0,53.1,D,1.95
999593,16.2,82.1,5.6,40.3,77.3,98.0,A,3.83
